FID,Node,X,Y,Field4
7,8,-98083907,30434403,1
10,11,-98056627,30367501,1
15,16,-98076591,30333720,1
16,17,-97972406,30320471,1
17,18,-98009337,30349621,1
18,19,-97984566,30367501,1
24,25,-97974997,30221922,1
25,26,-97964299,30292875,1
26,27,-97939978,30323580,1
34,35,-97919182,30304379,1
35,36,-97888816,30298805,1
37,38,-97871556,30308173,1
41,42,-97902792,30286234,1
42,43,-98013199,30272366,1
43,44,-97879621,30286428,1
44,45,-97899068,30267169,1
45,46,-97864260,30287223,1
50,51,-97932402,30205053,1
51,52,-97873192,30273341,1
52,53,-97909655,30196482,1
53,54,-97901713,30172804,1
54,55,-97851746,30260857,1
55,56,-97829376,30259205,1
56,57,-97825581,30247459,1
57,58,-97819398,30235346,1
58,59,-97895281,30253960,1
59,60,-97879541,30241440,1
60,61,-97872037,30246756,1
61,62,-97858211,30245081,1
62,63,-97852166,30240247,1
63,64,-97928478,30267416,1
64,65,-97931010,30237106,1
65,66,-97915824,30244016,1
66,67,-97909155,30249879,1
67,68,-97892018,30238308,1
68,69,-97985156,30244942,1
69,70,-97943499,30250014,1
70,71,-97954558,30209143,1
71,72,-97947086,30215930,1
72,73,-97905353,30221875,1
73,74,-97884729,30210384,1
74,75,-97883969,30222138,1
75,76,-97928999,30222210,1
76,77,-97858915,30230631,1
77,78,-97850001,30229226,1
78,79,-97839501,30232836,1
79,80,-97835974,30224841,1
80,81,-97862221,30225853,1
81,82,-97865677,30217987,1
82,83,-97849136,30220626,1
83,84,-97858294,30214768,1
84,85,-97836175,30214574,1
85,86,-97845563,30206238,1
87,88,-97872225,30204720,1
88,89,-97858353,30188692,1
89,90,-97937337,30194893,1
90,91,-97920445,30209985,1
91,92,-97895714,30191616,1
92,93,-97914187,30179056,1
93,94,-97890011,30183883,1
95,96,-97868659,30166515,1
96,97,-97866404,30152804,1
97,98,-97829257,30204417,1
98,99,-97841393,30188004,1
99,100,-97842194,30171070,1
100,101,-97854535,30164297,1
101,102,-97842915,30133666,1
431,432,-97813683,30279794,1
432,433,-97805770,30273914,1
433,434,-97797980,30281114,1
440,441,-97723846,30242798,1
441,442,-97713168,30236178,1
442,443,-97699893,30237023,1
443,444,-97690977,30231273,1
447,448,-97795414,30267841,1
448,449,-97781663,30263639,1
449,450,-97779408,30254015,1
450,451,-97765130,30258468,1
451,452,-97756802,30254583,1
452,453,-97750714,30251548,1
453,454,-97744870,30249125,1
454,455,-97737968,30245798,1
455,456,-97733277,30241422,1
456,457,-97729570,30235658,1
457,458,-97720917,30228055,1
458,459,-97701277,30218025,1
459,460,-97812312,30268739,1
460,461,-97800090,30262467,1
461,462,-97807261,30257482,1
462,463,-97799248,30247294,1
463,464,-97789672,30258186,1
464,465,-97791535,30250663,1
465,466,-97794477,30240428,1
466,467,-97787768,30236384,1
467,468,-97779795,30233760,1
468,469,-97774117,30243976,1
469,470,-97772077,30251311,1
470,471,-97762422,30246241,1
471,472,-97766963,30240171,1
472,473,-97771333,30231690,1
473,474,-97764302,30227782,1
474,475,-97759859,30235703,1
475,476,-97754573,30243373,1
476,477,-97744361,30241194,1
477,478,-97748602,30238356,1
478,479,-97751904,30231751,1
479,480,-97757112,30223802,1
480,481,-97746881,30218675,1
481,482,-97739635,30225430,1
482,483,-97732462,30226569,1
483,484,-97725743,30219904,1
484,485,-97824877,30274722,1
485,486,-97814911,30255952,1
486,487,-97807971,30235591,1
487,488,-97795844,30227237,1
488,489,-97784683,30222209,1
489,490,-97775950,30219404,1
490,491,-97770121,30219174,1
491,492,-97762511,30213479,1
492,493,-97749497,30203546,1
493,494,-97741725,30211973,1
494,495,-97739267,30199342,1
495,496,-97727805,30199427,1
496,497,-97702259,30185219,1
497,498,-97705674,30207604,1
498,499,-97668694,30200401,1
501,502,-97806673,30229851,1
502,503,-97812739,30223724,1
503,504,-97819622,30213238,1
504,505,-97808543,30211461,1
505,506,-97800719,30219912,1
506,507,-97793200,30216420,1
507,508,-97801517,30207136,1
508,509,-97794697,30205816,1
509,510,-97788886,30214075,1
510,511,-97783613,30211162,1
511,512,-97787716,30204494,1
512,513,-97781077,30201568,1
513,514,-97775986,30209973,1
514,515,-97771828,30198303,1
515,516,-97762290,30192167,1
516,517,-97752272,30190050,1
517,518,-97741838,30191559,1
518,519,-97735419,30183884,1
519,520,-97714023,30179088,1
520,521,-97676869,30168372,1
521,522,-97613068,30128184,1
522,523,-97569847,30166566,1
524,525,-97820597,30195468,1
525,526,-97797310,30192671,1
526,527,-97786001,30190192,1
527,528,-97777584,30188088,1
528,529,-97772149,30182413,1
529,530,-97759163,30179217,1
530,531,-97748821,30170457,1
531,532,-97730989,30167810,1
532,533,-97709547,30160499,1
533,534,-97687533,30143493,1
534,535,-97830203,30182246,1
535,536,-97806741,30180777,1
536,537,-97789880,30178806,1
537,538,-97783503,30174277,1
538,539,-97775190,30170566,1
539,540,-97763446,30171015,1
540,541,-97745521,30164418,1
541,542,-97815586,30160598,1
542,543,-97781648,30161894,1
543,544,-97724486,30134292,1
544,545,-97702255,30123992,1
545,546,-97815712,30118841,1
546,547,-97789007,30138629,1
547,548,-97779669,30139800,1
548,549,-97793243,30122344,1
549,550,-97761745,30114740,1
550,551,-97742406,30100910,1
551,552,-97711796,30107040,1
552,553,-97644403,30099935,1
553,554,-97794275,30099777,1
554,555,-97708895,30079091,1
555,556,-97673840,30061879,1
565,566,-97877778,30149404,1
576,577,-97947983,30130563,1
577,578,-97857472,30113558,1
578,579,-97825220,30095669,1
579,580,-97796332,30079619,1
580,581,-97768528,30054632,1
581,582,-97739866,30035080,1
582,583,-97823901,30044241,1
583,584,-97813059,30064542,1
584,585,-97837672,30067321,1
585,586,-97956989,30081642,1
586,587,-97922651,29886396,1
587,588,-97982658,30028229,1
588,589,-97878479,30002999,1
589,590,-97785715,30001839,1
590,591,-97846817,29979146,1
595,596,-97751571,30087585,1
596,597,-97723985,30058818,1
599,600,-97747936,30144669,1
600,601,-97824760,30132946,1
601,602,-97817215,30145593,1
603,604,-97680519,30114833,1
604,605,-97668147,30131976,1
605,606,-97583182,30145238,1
607,608,-97651583,30152791,1
608,609,-97640056,30165474,1
610,611,-97637009,30183483,1
611,612,-97602786,30172582,1
665,666,-98064179,29896453,1
666,667,-98126496,29955213,1
667,668,-98065857,29956289,1
668,669,-98009999,29950139,1
669,670,-97990969,29868981,1
670,671,-98012298,29857558,1
671,672,-98018237,29832913,1
672,673,-98108467,29979552,1
673,674,-98058955,29997999,1
674,675,-98027900,30019846,1
675,676,-97959130,29967048,1
676,677,-97983606,29952026,1
677,678,-98082087,29979371,1
678,679,-98080249,30030066,1
679,680,-97948067,29918913,1
680,681,-98053382,30043596,1
681,682,-97952311,29877956,1
682,683,-97962849,29870170,1
683,684,-97965586,29878492,1
684,685,-98067552,30177624,1
685,686,-98035565,30183656,1
686,687,-98063961,30204068,1
687,688,-98066773,30132727,1
688,689,-98017092,30142357,1
689,690,-98013422,30123464,1
690,691,-97972025,30103535,1
691,692,-97922656,30156158,1
692,693,-98064494,30083197,1
693,694,-97956417,30046219,1
694,695,-98090132,30249732,1
695,696,-98001452,30221504,1
696,697,-98041958,30232619,1
697,698,-98041382,30256626,1
698,699,-97952201,30188322,1
699,700,-97944039,29890125,1
700,701,-97938971,29889557,1
701,702,-97939213,29887069,1
702,703,-97936567,29887943,1
703,704,-97942358,29881756,1
704,705,-97945474,29880510,1
705,706,-97943205,29877950,1
706,707,-97949028,29875888,1
707,708,-97927999,29882519,1
708,709,-97932862,29881815,1
709,710,-97932527,29887993,1
710,711,-97936070,29886075,1
711,712,-97932090,29893192,1
712,713,-97926399,29888441,1
713,714,-97938495,29893447,1
714,715,-97936225,29896727,1
715,716,-97942882,29886506,1
716,717,-97948487,29887606,1
717,718,-97945336,29884797,1
718,719,-97942473,29884042,1
719,720,-97947927,29881787,1
720,721,-97901427,29884353,1
721,722,-97909670,29873067,1
722,723,-97915730,29883636,1
723,724,-97908106,29892753,1
724,725,-97902071,29864351,1
725,726,-97923945,29867046,1
726,727,-97917204,29880741,1
727,728,-97923250,29875409,1
728,729,-98032242,30207493,1
729,730,-97918411,29889728,1
730,731,-97913953,29898736,1
731,732,-98022446,30069170,1
732,733,-97990787,30079967,1
733,734,-97912090,30055404,1
734,735,-97991968,29886781,1
735,736,-97972402,29908987,1
736,737,-97970463,29889408,1
737,738,-97978738,29863587,1
738,739,-97954655,29897388,1
739,740,-97978959,29854070,1
740,741,-97996419,29842171,1
741,742,-98214295,30139214,1
742,743,-98168253,30190007,1
743,744,-98153721,30174555,1
744,745,-98154464,30151700,1
745,746,-98172451,30212417,1
746,747,-98135289,30229560,1
747,748,-98100548,30220277,1
748,749,-98110565,30158316,1
749,750,-98141486,30044500,1
750,751,-98204517,30072636,1
751,752,-98192023,30115504,1
752,753,-98232533,30019708,1
753,754,-98167437,29995598,1
754,755,-98246902,30113900,1
755,756,-98122024,29996347,1
756,757,-98111827,30025510,1
757,758,-98102025,30067054,1
758,759,-98148190,30102410,1
759,760,-98106678,30133525,1
760,761,-98086092,30271372,1
761,762,-97917075,29908768,1
762,763,-98137608,30277913,1
763,764,-98139466,30316500,1
764,765,-98177276,30291503,1
765,766,-98182880,30244390,1
766,767,-98235175,30167197,1
767,768,-98229548,30185976,1
768,769,-98103685,30191844,1
769,770,-98091417,30184616,1
770,771,-97898031,29876772,1
771,772,-97932248,29850646,1
772,773,-97913015,29850705,1
773,774,-97925423,29859432,1
774,775,-97937747,29835223,1
775,776,-97945814,29855514,1
776,777,-97918297,29832686,1
777,778,-97932603,29826014,1
778,779,-97955000,29807481,1
779,780,-97997444,29773576,1
780,781,-97976479,29786936,1
781,782,-97972475,29845097,1
782,783,-97963431,29855842,1
783,784,-97955373,29836644,1
784,785,-97982015,29837248,1
785,786,-97995132,29825153,1
786,787,-97970835,29859848,1
787,788,-98008047,29814299,1
788,789,-97980837,29826534,1
789,790,-97980242,29813303,1
790,791,-98002584,29805415,1
791,792,-97918627,29947011,1
792,793,-97917713,29928589,1
794,795,-97928405,29897840,1
795,796,-97945905,29837992,1
796,797,-97944300,29871145,1
797,798,-97942805,29868781,1
798,799,-97941585,29863849,1
799,800,-97948336,29863564,1
800,801,-97944829,29860725,1
801,802,-97954871,29846717,1
802,803,-97752352,30012564,1
803,804,-97825872,30067731,1
804,805,-97868262,30019830,1
805,806,-97873747,30038809,1
806,807,-97849967,30067665,1
807,808,-97836640,30080960,1
808,809,-97815399,30083844,1
809,810,-97856741,30142626,1
810,811,-97877768,30126275,1
811,812,-97899298,30103692,1
812,813,-97889670,30090338,1
813,814,-97801203,29959885,1
814,815,-97816935,29989355,1
815,816,-97862871,29953982,1
816,817,-97863652,29993338,1
817,818,-97844911,30005026,1
818,819,-97826144,30017435,1
819,820,-97861880,30093477,1
820,821,-97860100,30080607,1
821,822,-97864712,30070587,1
822,823,-97889945,29953701,1
823,824,-97882525,29973582,1
824,825,-97900371,29983051,1
825,826,-97879181,29985158,1
826,827,-97887542,29987072,1
827,828,-97895792,30040951,1
828,829,-97896007,30021565,1
829,830,-97874248,29994624,1
830,831,-97879703,29991428,1
831,832,-97890200,29996685,1
832,833,-97884313,29927373,1
833,834,-97896467,29898203,1
834,835,-97901977,29900537,1
835,836,-97905904,29909386,1
836,837,-97889216,29936266,1
837,838,-97942748,29900711,1
838,839,-97949324,29904187,1
839,840,-97945184,29894799,1
840,841,-97839249,29932993,1
841,842,-97869469,29909249,1
842,843,-97890449,29893191,1
843,844,-97819980,29951400,1
844,845,-97906730,30012707,1
845,846,-97858429,30276044,1
846,847,-97874022,30226363,1
847,848,-97984925,30174384,1
891,892,-97937891,29861169,1
892,893,-97935216,29864771,1
893,894,-97937213,29867991,1
894,895,-97934639,29870864,1
895,896,-97916837,29864473,1
896,897,-97930338,29862569,1
897,898,-97936981,29857715,1
898,899,-97931265,29877395,1
899,900,-97937720,29871417,1
900,901,-97933272,29875356,1
901,902,-97940430,29870438,1
902,903,-97937071,29874089,1
903,904,-97934873,29879425,1
904,905,-97941696,29873855,1
905,906,-97936327,29882817,1
906,907,-97953068,29888777,1
907,908,-97940090,29881982,1
908,909,-97940672,29884244,1
909,910,-97939316,29875972,1
910,911,-97938202,29880838,1
911,912,-97938557,29884660,1
912,913,-97941105,29887390,1
913,914,-97955129,29866701,1
914,915,-97953523,29859982,1
915,916,-97948372,29871867,1
916,917,-97955337,29870490,1
917,918,-97949260,29892357,1
918,919,-97937005,29877414,1
919,920,-97898921,29846154,1
920,921,-97956601,29883181,1
921,922,-97962115,29890512,1
1042,1043,-97852821,30043099,1
1052,1053,-98028320,30405887,1
1083,1084,-97560852,30136738,1
1093,1094,-98150473,29934113,1
1094,1095,-97918829,29824970,1
1095,1096,-98015358,29800449,1
1096,1097,-98018414,29812023,1
1097,1098,-97944241,29806018,1
1098,1099,-97904900,29835521,1
1099,1100,-97813404,29930219,1
1100,1101,-97687029,30011300,1
1101,1102,-97742832,29988874,1
1102,1103,-97773983,29960700,1
1103,1104,-97672595,30030532,1
1104,1105,-97609481,30102202,1
1105,1106,-98236289,29994705,1
1106,1107,-98270406,30106389,1
1107,1108,-98206818,30270539,1
1108,1109,-98251617,30154930,1
1109,1110,-98236528,30193282,1
1110,1111,-98188060,30320581,1
1111,1112,-98127277,30422055,1
1116,1117,-97892405,29869985,1
1117,1118,-98043840,30433980,1
1148,1149,-98109364,30409589,1
1149,1150,-98086011,30385513,1
1150,1151,-98058975,30406921,1
1235,1236,-98049768,29987074,1
1236,1237,-98038465,29984562,1
1237,1238,-98043982,30026318,1
1238,1239,-98039656,30032150,1
1239,1240,-98049297,30052957,1
1240,1241,-98025834,30047991,1
1241,1242,-98068304,30109800,1
1242,1243,-98031115,30123192,1
1243,1244,-98031699,30131643,1
1244,1245,-98051563,30149237,1
1245,1246,-98016194,30153385,1
1246,1247,-98064664,30286319,1
1247,1248,-98034598,30291368,1
1248,1249,-98066735,30355722,1
1249,1250,-98024116,30331214,1
1250,1251,-98041928,30374580,1
1251,1252,-97965652,29883707,1
1252,1253,-97964866,29893214,1
1253,1254,-97962478,29886653,1
1254,1255,-97953982,29887965,1
1255,1256,-97948286,29884175,1
1256,1257,-97949509,29884944,1
1257,1258,-97945866,29885791,1
1258,1259,-97942571,29884912,1
1259,1260,-97940536,29885210,1
1260,1261,-97923961,29884527,1
1261,1262,-97929695,29885258,1
1262,1263,-97921188,29882201,1
1263,1264,-97918068,29886173,1
1264,1265,-97922986,29883649,1
1265,1266,-97921502,29882561,1
1266,1267,-97917035,29887678,1
1267,1268,-97916563,29887809,1
1268,1269,-97908492,29884282,1
1269,1270,-97905400,29888212,1
1270,1271,-97895876,29882033,1
1271,1272,-97886721,29888655,1
1272,1273,-98022744,29940677,1
1273,1274,-98008721,29908608,1
1274,1275,-98051817,29917247,1
1275,1276,-97946803,29885597,1
1276,1277,-97943954,29884687,1
1277,1278,-97943760,29883846,1
1278,1279,-97941552,29885079,1
1279,1280,-97941438,29884391,1
1280,1281,-97940102,29885267,1
1281,1282,-97940026,29884481,1
1282,1283,-97938680,29883169,1
1283,1284,-97936819,29884754,1
1284,1285,-97937310,29883316,1
1285,1286,-97930244,29884907,1
1286,1287,-97931116,29884350,1
1287,1288,-97919149,29886723,1
1288,1289,-97922476,29883183,1
1289,1290,-97916622,29888646,1
1290,1291,-97921780,29882931,1
1291,1292,-98035920,30193978,1
1292,1293,-98049602,30194871,1
1293,1294,-98027316,30245989,1
1294,1295,-98043262,30246378,1
1295,1296,-98027208,30345872,1
1296,1297,-98178438,30159975,1
1297,1298,-98173062,30129515,1
1298,1299,-98135221,30143223,1
1299,1300,-98131657,30157746,1
1300,1301,-98089328,30144817,1
1301,1302,-98090996,30160690,1
1302,1303,-98085854,30167313,1
1303,1304,-98157966,30137870,1
1304,1305,-98189493,29967769,1
1305,1306,-98147097,29981565,1
1306,1307,-98179821,30035229,1
1307,1308,-98162858,30058892,1
1308,1309,-98194870,30089786,1
1309,1310,-98171247,30082050,1
1310,1311,-98176880,30104379,1
1311,1312,-98170259,30126281,1
1312,1313,-98187610,30004317,1
1313,1314,-98120381,30012098,1
1314,1315,-98130309,30019125,1
1315,1316,-98101129,29999239,1
1316,1317,-98101837,30021150,1
1317,1318,-98077175,30009134,1
1318,1319,-98070197,30015618,1
1319,1320,-98051193,30008634,1
1320,1321,-98153274,30020471,1
1321,1322,-98170976,30094404,1
1322,1323,-98200099,30000072,1
1323,1324,-98223676,30101001,1
1324,1325,-98198919,30047826,1
1325,1326,-98239317,30097785,1
1326,1327,-98216512,30096546,1
1327,1328,-98188390,30099451,1
1328,1329,-98092413,29974506,1
1329,1330,-98093545,29980102,1
1330,1331,-98090602,29994609,1
1331,1332,-98111264,29987964,1
1332,1333,-98105036,30002568,1
1333,1334,-98091712,29941015,1
1334,1335,-98117772,30008008,1
1335,1336,-98081782,29938804,1
1336,1337,-98139629,29981565,1
1337,1338,-98120568,29986542,1
1338,1339,-98069342,29928910,1
1339,1340,-98064188,29925171,1
1340,1341,-98089903,29985071,1
1341,1342,-98075657,29985865,1
1342,1343,-98084241,29998843,1
1343,1344,-98171429,30081168,1
1344,1345,-98140645,30072243,1
1345,1346,-98131384,30107668,1
1346,1347,-98101753,30045394,1
1347,1348,-98118658,30034750,1
1348,1349,-98125564,30068870,1
1349,1350,-98090106,30069955,1
1350,1351,-98096006,30102064,1
1351,1352,-98112328,30126290,1
1352,1353,-98088327,30121344,1
1353,1354,-98075962,30061194,1
1354,1355,-98128455,30027515,1
1355,1356,-98137431,30116391,1
1356,1357,-98135692,30129918,1
1357,1358,-98135616,30123076,1
1358,1359,-98097949,30048688,1
1359,1360,-98049009,30058309,1
1360,1361,-98092073,30055926,1
1361,1362,-98080648,30058932,1
1362,1363,-98090537,30109840,1
1363,1364,-98089160,30131976,1
1364,1365,-98191269,30179424,1
1365,1366,-98162832,30182829,1
1366,1367,-98169802,30257611,1
1367,1368,-98169205,30227190,1
1368,1369,-98179416,30272555,1
1369,1370,-98166031,30300608,1
1370,1371,-98170914,30300407,1
1371,1372,-98141627,30162056,1
1372,1373,-98184398,30199549,1
1373,1374,-98162057,30197855,1
1374,1375,-98179426,30198206,1
1375,1376,-98194485,30200172,1
1376,1377,-98068497,30270550,1
1377,1378,-98155751,30280318,1
1378,1379,-98154836,30256065,1
1379,1380,-98132785,30255864,1
1380,1381,-98103249,30285707,1
1381,1382,-98109119,30256388,1
1382,1383,-98240938,30173312,1
1383,1384,-98232143,30178501,1
1384,1385,-98245775,30159139,1
1385,1386,-98230195,30179132,1
1386,1387,-98214616,30188182,1
1387,1388,-98214579,30193112,1
1388,1389,-98109283,30189203,1
1389,1390,-98102602,30189269,1
1390,1391,-98151964,30221912,1
1391,1392,-98144811,30205816,1
1392,1393,-98133052,30205308,1
1393,1394,-98118518,30219776,1
1394,1395,-98118550,30204630,1
1395,1396,-98107129,30198217,1
1396,1397,-98087482,30210052,1
1397,1398,-98084826,30213293,1
1398,1399,-98095033,30191588,1
1399,1400,-98124720,30246396,1
1400,1401,-98082014,30254291,1
1401,1402,-98124873,30182808,1
1402,1403,-98161836,30198168,1
1403,1404,-98162277,30191378,1
1404,1405,-98115318,30187440,1
1405,1406,-98128349,30205647,1
1406,1407,-98154469,30227215,1
1407,1408,-98143003,30256152,1
1408,1409,-98124752,30233872,1
1409,1410,-98086571,30167629,1
1410,1411,-98087313,30179423,1
1411,1412,-98068204,30159349,1
1412,1413,-98081811,30191384,1
1413,1414,-98087434,30191338,1
1414,1415,-98102295,30193977,1
1415,1416,-98087413,30181782,1
1416,1417,-98093042,30191330,1
1417,1418,-98099051,30189304,1
1418,1419,-98064321,30192514,1
1419,1420,-98065915,30237465,1
1420,1421,-98058146,30249399,1
1421,1422,-98047347,30246189,1
1422,1423,-98088865,30299922,1
1423,1424,-98072766,30368436,1
1424,1425,-98067956,30393322,1
1425,1426,-97912779,29841741,1
1426,1427,-97905366,29848594,1
1427,1428,-97911760,29869138,1
1428,1429,-97902758,29869205,1
1429,1430,-97909806,29883152,1
1430,1431,-97912757,29880615,1
1431,1432,-97907425,29878232,1
1432,1433,-97998524,29818075,1
1433,1434,-98005313,29823262,1
1434,1435,-97996840,29817127,1
1435,1436,-97994699,29818931,1
1436,1437,-97980733,29823926,1
1437,1438,-98007133,29821810,1
1438,1439,-98012155,29817390,1
1439,1440,-97994863,29819486,1
1440,1441,-97996504,29818343,1
1441,1442,-98000977,29814034,1
1442,1443,-97993655,29820301,1
1443,1444,-98000616,29814105,1
1444,1445,-97992460,29822026,1
1445,1446,-97964040,29815446,1
1446,1447,-97961210,29830284,1
1447,1448,-97983841,29828849,1
1448,1449,-97976302,29835607,1
1449,1450,-97978198,29834256,1
1450,1451,-97974684,29841971,1
1451,1452,-97979676,29846351,1
1452,1453,-97975355,29842559,1
1453,1454,-97974942,29850844,1
1454,1455,-97967589,29813421,1
1455,1456,-97978529,29806774,1
1456,1457,-97973318,29838967,1
1457,1458,-97978787,29834027,1
1458,1459,-97972651,29840191,1
1459,1460,-97976833,29836078,1
1460,1461,-97971890,29840025,1
1461,1462,-97976323,29849320,1
1462,1463,-97955213,29820649,1
1463,1464,-97942213,29825662,1
1464,1465,-98003617,29810918,1
1465,1466,-97994277,29797524,1
1466,1467,-97992683,29780004,1
1467,1468,-98005157,29809780,1
1468,1469,-98004831,29810878,1
1469,1470,-97982193,29804461,1
1470,1471,-97996523,29816411,1
1471,1472,-97994277,29801150,1
1472,1473,-98003892,29810904,1
1473,1474,-97999061,29815126,1
1474,1475,-97999757,29815366,1
1475,1476,-98002560,29812963,1
1476,1477,-97997344,29817537,1
1477,1478,-97998377,29862223,1
1478,1479,-97984969,29850960,1
1479,1480,-97996498,29860719,1
1480,1481,-97984131,29850231,1
1481,1482,-97988654,29824507,1
1482,1483,-97995633,29831786,1
1483,1484,-97981245,29847718,1
1484,1485,-97992251,29821828,1
1485,1486,-97990057,29823465,1
1486,1487,-97992218,29834039,1
1487,1488,-97989055,29837230,1
1488,1489,-97978100,29835006,1
1489,1490,-97985579,29827288,1
1490,1491,-97984705,29827121,1
1491,1492,-97986040,29827685,1
1492,1493,-97988915,29825198,1
1493,1494,-97984188,29829455,1
1494,1495,-97982813,29830066,1
1495,1496,-97982980,29830282,1
1496,1497,-97990143,29823780,1
1497,1498,-97986415,29828460,1
1498,1499,-97968037,29796368,1
1499,1500,-97963812,29846826,1
1500,1501,-97956148,29853730,1
1501,1502,-97944615,29828217,1
1502,1503,-97941912,29828578,1
1503,1504,-97946962,29833369,1
1504,1505,-97941569,29832843,1
1505,1506,-97943496,29848735,1
1506,1507,-97940454,29843343,1
1507,1508,-97971213,29855146,1
1508,1509,-97957648,29853360,1
1509,1510,-97959659,29851260,1
1510,1511,-97964333,29847441,1
1511,1512,-97957082,29853528,1
1512,1513,-97956728,29853599,1
1513,1514,-97967646,29843830,1
1514,1515,-97948412,29852997,1
1515,1516,-97950310,29859231,1
1516,1517,-97943201,29865634,1
1517,1518,-97939497,29854864,1
1518,1519,-97945704,29863038,1
1519,1520,-97943426,29865021,1
1520,1521,-97939361,29856628,1
1521,1522,-97943103,29876116,1
1522,1523,-97940235,29869203,1
1523,1524,-97939549,29872973,1
1524,1525,-97945016,29877580,1
1525,1526,-97943010,29879629,1
1526,1527,-97944064,29876869,1
1527,1528,-97943378,29881903,1
1528,1529,-97943689,29883538,1
1529,1530,-97943449,29882495,1
1530,1531,-97940197,29845758,1
1531,1532,-97930246,29854604,1
1532,1533,-97940449,29860255,1
1533,1534,-97944222,29862253,1
1534,1535,-97943259,29866176,1
1535,1536,-97944442,29865091,1
1536,1537,-97941952,29866953,1
1537,1538,-97948009,29861566,1
1538,1539,-97924394,29849604,1
1539,1540,-97945704,29882041,1
1540,1541,-97952518,29823166,1
1541,1542,-97971821,29839462,1
1542,1543,-97959837,29844947,1
1543,1544,-97953008,29839028,1
1544,1545,-97964546,29846832,1
1545,1546,-97968462,29842668,1
1546,1547,-97967651,29844076,1
1547,1548,-97968908,29843249,1
1548,1549,-97959953,29862841,1
1549,1550,-97957928,29861112,1
1550,1551,-97955576,29874544,1
1551,1552,-97961723,29868395,1
1552,1553,-97961879,29867764,1
1553,1554,-97955500,29873090,1
1554,1555,-97957934,29876557,1
1555,1556,-97961806,29880121,1
1556,1557,-97969138,29857091,1
1557,1558,-97966063,29859917,1
1558,1559,-97962971,29865419,1
1559,1560,-97962979,29881201,1
1560,1561,-97952744,29856668,1
1561,1562,-97950815,29858371,1
1562,1563,-97955116,29858727,1
1563,1564,-97951706,29858642,1
1564,1565,-97953331,29857214,1
1565,1566,-97947894,29860948,1
1566,1567,-97952916,29857198,1
1567,1568,-97947591,29862274,1
1568,1569,-97955843,29874772,1
1569,1570,-97950762,29880348,1
1570,1571,-97949407,29880895,1
1571,1572,-97951105,29877075,1
1572,1573,-97952048,29876220,1
1573,1574,-97950392,29877722,1
1574,1575,-97954710,29873806,1
1575,1576,-97948050,29879877,1
1576,1577,-97945910,29878314,1
1577,1578,-97949175,29880721,1
1578,1579,-97946433,29882637,1
1579,1580,-97946805,29880975,1
1580,1581,-97947202,29880625,1
1581,1582,-97946819,29882953,1
1582,1583,-97949803,29881193,1
1583,1584,-97949310,29883234,1
1584,1585,-97936114,29841662,1
1585,1586,-97928599,29834243,1
1586,1587,-97921594,29837580,1
1587,1588,-97941906,29847286,1
1588,1589,-97918815,29845039,1
1589,1590,-97939662,29868707,1
1590,1591,-97942250,29866108,1
1591,1592,-97938929,29868541,1
1592,1593,-97938735,29867505,1
1593,1594,-97936456,29870902,1
1594,1595,-97935361,29867945,1
1595,1596,-97931929,29868963,1
1596,1597,-97942596,29866739,1
1597,1598,-97939972,29868758,1
1598,1599,-97929006,29876506,1
1599,1600,-97926102,29878542,1
1600,1601,-97924530,29881220,1
1601,1602,-97931812,29856022,1
1602,1603,-97925668,29869094,1
1603,1604,-97919340,29872084,1
1604,1605,-97918273,29871191,1
1605,1606,-97928014,29870111,1
1606,1607,-97928600,29874672,1
1607,1608,-97927101,29878460,1
1608,1609,-97929761,29876501,1
1609,1610,-97926499,29879317,1
1610,1611,-97929068,29877335,1
1611,1612,-97924818,29880004,1
1612,1613,-97928989,29876790,1
1613,1614,-97933204,29857879,1
1614,1615,-97939136,29859559,1
1615,1616,-97938952,29861960,1
1616,1617,-97938419,29859356,1
1617,1618,-97935727,29860462,1
1618,1619,-97934025,29858720,1
1619,1620,-97937630,29859132,1
1620,1621,-97937439,29866104,1
1621,1622,-97937389,29862164,1
1622,1623,-97939330,29857033,1
1623,1624,-97938682,29865529,1
1624,1625,-97938703,29865203,1
1625,1626,-97937733,29863338,1
1626,1627,-97938666,29866078,1
1627,1628,-97934293,29872465,1
1628,1629,-97935627,29876948,1
1629,1630,-97934677,29874456,1
1630,1631,-97939969,29876274,1
1631,1632,-97939810,29875412,1
1632,1633,-97938700,29876448,1
1633,1634,-97938568,29875464,1
1634,1635,-97934952,29877058,1
1635,1636,-97935146,29872558,1
1636,1637,-97936352,29871952,1
1637,1638,-97934553,29873279,1
1638,1639,-97934728,29874938,1
1639,1640,-97936033,29879132,1
1640,1641,-97935194,29883692,1
1641,1642,-97936415,29871325,1
1642,1643,-97931813,29875280,1
1643,1644,-97939427,29871376,1
1644,1645,-97939456,29871593,1
1645,1646,-97939265,29870143,1
1646,1647,-97940087,29869401,1
1647,1648,-97938380,29874302,1
1648,1649,-97939576,29874166,1
1649,1650,-97939562,29873541,1
1650,1651,-97937174,29870384,1
1651,1652,-97939989,29880110,1
1652,1653,-97939324,29880182,1
1653,1654,-97943323,29881440,1
1654,1655,-97942005,29879804,1
1655,1656,-97941035,29882041,1
1656,1657,-97940663,29880037,1
1657,1658,-97939579,29881770,1
1658,1659,-97939784,29883050,1
1659,1660,-97936810,29880724,1
1660,1661,-97939656,29882252,1
1661,1662,-97942292,29879754,1
1662,1663,-97940413,29878688,1
1663,1664,-97942749,29882650,1
1664,1665,-97941092,29882348,1
1665,1666,-97941188,29882869,1
1666,1667,-97942407,29882698,1
1667,1668,-97940445,29882965,1
1668,1669,-97936028,29876883,1
1669,1670,-97938963,29877932,1
1670,1671,-97938129,29883228,1
1671,1672,-97937165,29882553,1
1672,1673,-97932861,29877473,1
1673,1674,-97930725,29878668,1
1674,1675,-97929681,29877842,1
1675,1676,-97931934,29882305,1
1676,1677,-97933255,29883930,1
1677,1678,-97918292,29879275,1
1678,1679,-97920099,29881040,1
1679,1680,-97920160,29881947,1
1680,1681,-97917562,29882011,1
1681,1682,-97916194,29877475,1
1682,1683,-97921075,29873535,1
1683,1684,-97922415,29872239,1
1684,1685,-97923785,29880316,1
1685,1686,-97923014,29881773,1
1686,1687,-97913879,29879590,1
1687,1688,-97898439,29852885,1
1688,1689,-97895910,29869256,1
1689,1690,-97895752,29870444,1
1690,1691,-97901872,29878486,1
1691,1692,-97900478,29873390,1
1692,1693,-98010044,30131698,1
1693,1694,-97983461,30147484,1
1694,1695,-97971907,30152035,1
1695,1696,-97787475,29971708,1
1696,1697,-97777722,29963481,1
1697,1698,-97764874,30008939,1
1698,1699,-97785745,30027667,1
1699,1700,-97778844,30033957,1
1700,1701,-97769916,30013464,1
1701,1702,-97784722,30113119,1
1702,1703,-97781607,30116689,1
1703,1704,-97782165,30113119,1
1704,1705,-97759692,30101967,1
1705,1706,-97854836,30148253,1
1706,1707,-97852244,30145025,1
1707,1708,-97832825,30149554,1
1708,1709,-97832826,30140349,1
1709,1710,-97794565,30146979,1
1710,1711,-97797024,30140553,1
1711,1712,-97793388,30148136,1
1712,1713,-97796827,30138890,1
1713,1714,-97791280,30149231,1
1714,1715,-97793174,30144042,1
1715,1716,-97790058,30155776,1
1716,1717,-97793334,30145684,1
1717,1718,-97779020,30164578,1
1718,1719,-97784401,30166859,1
1719,1720,-97782741,30172340,1
1720,1721,-97778888,30178169,1
1721,1722,-97779637,30178354,1
1722,1723,-97774484,30204722,1
1723,1724,-97779953,30227454,1
1724,1725,-97778749,30227656,1
1725,1726,-97779343,30227437,1
1726,1727,-97788895,30230105,1
1727,1728,-97784538,30265280,1
1728,1729,-97779086,30267711,1
1729,1730,-97783519,30265256,1
1730,1731,-97778362,30267761,1
1731,1732,-97782286,30265330,1
1732,1733,-97779575,30266689,1
1733,1734,-97777774,30268797,1
1741,1742,-97786545,29957480,1
1742,1743,-97794242,30044544,1
1743,1744,-97780788,30061135,1
1744,1745,-97767393,30085718,1
1745,1746,-97781509,30092449,1
1746,1747,-97765776,30145501,1
1747,1748,-97766207,30149720,1
1748,1749,-97711128,30153347,1
1749,1750,-97681272,30158266,1
1750,1751,-97584342,30137567,1
1751,1752,-97577793,30147217,1
1752,1753,-97567176,30140648,1
1753,1754,-97555305,30159513,1
1754,1755,-97776137,30158348,1
1755,1756,-97781488,30157205,1
1756,1757,-97783811,30172017,1
1757,1758,-97782873,30179544,1
1758,1759,-97774018,30182610,1
1759,1760,-97781082,30171832,1
1760,1761,-97774230,30183546,1
1761,1762,-97782507,30171270,1
1762,1763,-97780446,30187451,1
1763,1764,-97778594,30192997,1
1764,1765,-97782120,30194254,1
1765,1766,-97779930,30188994,1
1766,1767,-97778439,30206957,1
1767,1768,-97781155,30208275,1
1768,1769,-97778963,30211058,1
1769,1770,-97779795,30210002,1
1770,1771,-97735082,30154302,1
1771,1772,-97728856,30142173,1
1772,1773,-97774012,30227820,1
1773,1774,-97780151,30227927,1
1774,1775,-97777001,30246641,1
1775,1776,-97781187,30244055,1
1776,1777,-97780800,30257205,1
1777,1778,-97784821,30247075,1
1778,1779,-97770657,30260413,1
1779,1780,-97780537,30267311,1
1780,1781,-97699584,30145195,1
1781,1782,-97696636,30149434,1
1782,1783,-97696520,30143977,1
1783,1784,-97670395,30152491,1
1784,1785,-97673128,30145534,1
1785,1786,-97668847,30153362,1
1786,1787,-97639306,30153831,1
1793,1794,-97624194,30146457,1
1798,1799,-97778887,30228138,1
1799,1800,-97781444,30228226,1
1800,1801,-97781914,30223421,1
1801,1802,-97807197,30148620,1
1802,1803,-97808804,30144604,1
1803,1804,-97914054,29891123,1
1804,1805,-97909096,29896446,1
1805,1806,-97911456,29893021,1
1806,1807,-97909218,29895908,1
1807,1808,-97909541,29896952,1
1808,1809,-97912000,29904764,1
1809,1810,-97910772,29915818,1
1810,1811,-97908180,29918339,1
1811,1812,-97903285,29956683,1
1812,1813,-97910045,30028014,1
1813,1814,-97912702,29893886,1
1814,1815,-97905448,29900771,1
1815,1816,-97911678,29894057,1
1816,1817,-97897091,30016504,1
1817,1818,-97892708,29990932,1
1818,1819,-97926509,29966324,1
1819,1820,-97891282,30011987,1
1820,1821,-97889466,30020791,1
1821,1822,-97859689,30014425,1
1822,1823,-97856183,30019364,1
1823,1824,-97854691,30028356,1
1824,1825,-97859210,30014248,1
1825,1826,-97855075,30019858,1
1826,1827,-97847265,30016986,1
1827,1828,-97812917,30014363,1
1828,1829,-97809290,30018290,1
1829,1830,-97926097,30028376,1
1830,1831,-97859108,30015748,1
1831,1832,-97865017,30005810,1
1832,1833,-97826770,30004704,1
1833,1834,-97895715,30095394,1
1834,1835,-97930063,30096440,1
1835,1836,-97871239,30018492,1
1836,1837,-97973549,29898640,1
1837,1838,-97947524,29925388,1
1838,1839,-97969228,29956176,1
1839,1840,-97932325,29937726,1
1840,1841,-97989404,29969026,1
1841,1842,-97982998,29900238,1
1842,1843,-98004070,29983412,1
1843,1844,-97942108,29888059,1
1844,1845,-97941204,29892343,1
1845,1846,-97943001,29884842,1
1846,1847,-97944191,29886138,1
1847,1848,-97944393,29887377,1
1848,1849,-97941083,29891347,1
1849,1850,-97944405,29892214,1
1850,1851,-97942072,29894504,1
1851,1852,-97944082,29896304,1
1852,1853,-97944770,29896828,1
1853,1854,-97929784,29905260,1
1854,1855,-97933274,29917193,1
1855,1856,-97935430,29921256,1
1856,1857,-97961289,29887756,1
1857,1858,-97957020,29891718,1
1858,1859,-97964475,29896152,1
1859,1860,-97958233,29900516,1
1860,1861,-97948392,29896785,1
1861,1862,-97947013,29898021,1
1862,1863,-97951664,29888057,1
1863,1864,-97950476,29889125,1
1864,1865,-97951863,29890261,1
1865,1866,-97949694,29895617,1
1866,1867,-97951532,29893969,1
1867,1868,-97953462,29891572,1
1868,1869,-97955230,29889994,1
1869,1870,-97952746,29890985,1
1870,1871,-97945395,29888145,1
1871,1872,-97946341,29888858,1
1872,1873,-97947309,29890193,1
1873,1874,-97947357,29897713,1
1874,1875,-97930120,29888328,1
1875,1876,-97926853,29885608,1
1876,1877,-97923727,29894450,1
1877,1878,-97926663,29900543,1
1878,1879,-97926737,29891716,1
1879,1880,-97931367,29889409,1
1880,1881,-97926032,29891985,1
1881,1882,-97928245,29894250,1
1882,1883,-97918589,29898973,1
1883,1884,-97913190,29903718,1
1884,1885,-97941268,29892871,1
1885,1886,-97935206,29889904,1
1886,1887,-97936081,29891224,1
1887,1888,-97935685,29894618,1
1888,1889,-97936477,29896258,1
1889,1890,-97934407,29888698,1
1890,1891,-97935513,29887445,1
1891,1892,-97935888,29890170,1
1892,1893,-97933304,29888847,1
1893,1894,-97932475,29895579,1
1894,1895,-97938325,29897822,1
1895,1896,-97939140,29885398,1
1896,1897,-97939234,29887640,1
1897,1898,-97940612,29888443,1
1898,1899,-97940999,29890831,1
1899,1900,-97938020,29887845,1
1900,1901,-97936246,29890310,1
1901,1902,-97941802,29886562,1
1902,1903,-97940808,29885175,1
1903,1904,-97940243,29886157,1
1904,1905,-97940314,29886604,1
1905,1906,-97941299,29888282,1
1906,1907,-97941936,29887342,1
1907,1908,-97937555,29885610,1
1908,1909,-97937814,29886856,1
1909,1910,-97936406,29885949,1
1910,1911,-97937886,29887200,1
1911,1912,-97938676,29885461,1
1912,1913,-97937080,29889151,1
1913,1914,-97941451,29895984,1
1914,1915,-97923324,29887415,1
1915,1916,-97918543,29891811,1
1916,1917,-97921533,29896415,1
1917,1918,-97917542,29888420,1
1918,1919,-97922507,29892288,1
1919,1920,-97915739,29892966,1
1920,1921,-97917288,29892884,1
1921,1922,-97913416,29891351,1
1922,1923,-97921909,29892317,1
1923,1924,-97913460,29893086,1
1924,1925,-97914136,29891997,1
1925,1926,-97914385,29891126,1
1926,1927,-97925649,29885393,1
1927,1928,-97924278,29886585,1
1928,1929,-97915493,29890532,1
1929,1930,-97917196,29887113,1
1930,1931,-97915415,29896288,1
1931,1932,-97948547,30038790,1
1932,1933,-97988048,30047178,1
1933,1934,-97964363,30044053,1
1934,1935,-98013181,30084815,1
1935,1936,-98001528,30075656,1
1936,1937,-97966499,30120970,1
1937,1938,-97957820,30068102,1
1938,1939,-97989525,30059516,1
1939,1940,-98027066,30117416,1
1940,1941,-98031112,30124197,1
1941,1942,-98015189,30131151,1
1942,1943,-97957285,30120780,1
1943,1944,-97893994,29938037,1
1944,1945,-97884295,29950238,1
1945,1946,-97878810,29949240,1
1946,1947,-97878941,29950177,1
1947,1948,-97876596,29957876,1
1948,1949,-97848869,29915845,1
1949,1950,-97830590,29926522,1
1950,1951,-97880945,29947856,1
1951,1952,-97882516,29942481,1
1952,1953,-97877762,29958310,1
1953,1954,-97877099,29959461,1
1954,1955,-97880283,29947617,1
1955,1956,-97844755,29946020,1
1956,1957,-97836644,29987605,1
1957,1958,-97850285,29997898,1
1958,1959,-97842281,29992531,1
1959,1960,-97846714,29940408,1
1960,1961,-97827050,29942311,1
1961,1962,-97837463,29952679,1
1962,1963,-97839490,29955021,1
1963,1964,-97849113,29963873,1
1964,1965,-97802340,29941387,1
1965,1966,-97808346,29953695,1
1966,1967,-97798207,29944065,1
1967,1968,-97896677,29914969,1
1968,1969,-97891058,29925772,1
1969,1970,-97895242,29916378,1
1970,1971,-97892317,29922265,1
1971,1972,-97880930,29893323,1
1972,1973,-97859715,29908750,1
1973,1974,-97878747,29916639,1
1974,1975,-97876762,29918328,1
1975,1976,-97895689,29917495,1
1976,1977,-97899412,29910342,1
1977,1978,-97895591,29918700,1
1978,1979,-97879885,29946666,1
1979,1980,-97864431,29928819,1
1980,1981,-97856035,29921820,1
1981,1982,-97905689,29899395,1
1982,1983,-97904288,29901008,1
1983,1984,-97905254,29900499,1
1984,1985,-97902465,29903743,1
1985,1986,-97899234,29895047,1
1986,1987,-97889634,29900391,1
1987,1988,-97904810,29902267,1
1988,1989,-97906472,29900165,1
1989,1990,-97904131,29902384,1
1990,1991,-97900996,29894185,1
1991,1992,-97904373,29895378,1
1992,1993,-97902857,29902694,1
1993,1994,-97900582,29906661,1
1994,1995,-97900124,29909831,1
1995,1996,-97900401,29907766,1
1996,1997,-97888354,29932000,1
1997,1998,-97888748,29932101,1
1998,1999,-97887140,29931940,1
1999,2000,-97881720,29942942,1
2000,2001,-97882564,29943195,1
2001,2002,-97882470,29944055,1
2002,2003,-97862220,29926976,1
2003,2004,-97875762,29967815,1
2004,2005,-97896060,29969687,1
2005,2006,-97892220,29980784,1
2006,2007,-97877025,29988604,1
2007,2008,-97881341,29987340,1
2008,2009,-97889740,29980893,1
2009,2010,-97876550,29991005,1
2010,2011,-97875004,29998405,1
2011,2012,-97877251,29955968,1
2012,2013,-97877361,29960048,1
2013,2014,-97879345,29961741,1
2014,2015,-97873600,29977884,1
2015,2016,-97872529,29983903,1
2016,2017,-97869032,29980909,1
2017,2018,-97881134,29989237,1
2018,2019,-97874175,29988420,1
2019,2020,-97874473,29979466,1
2020,2021,-97872966,29984511,1
2021,2022,-97873979,29976854,1
2022,2023,-97873281,29984943,1
2023,2024,-97874173,29978504,1
2024,2025,-97875758,29995007,1
2025,2026,-97880581,29993397,1
2026,2027,-97859024,29989980,1
2027,2028,-97893847,29975710,1
2028,2029,-97883102,29991391,1
2029,2030,-97888739,29990351,1
2030,2031,-97885996,29989950,1
2031,2032,-97882908,29989498,1
2032,2033,-97875110,29964168,1
2033,2034,-97874544,29968051,1
2034,2035,-97875366,29967861,1
2035,2036,-97876370,29962752,1
2036,2037,-97875565,29965230,1
2037,2038,-97858385,29971791,1
2038,2039,-97874605,29973956,1
2039,2040,-97875080,29973379,1
2040,2041,-97872733,29999674,1
2041,2042,-97870195,29994143,1
2042,2043,-97868018,29999144,1
2043,2044,-97869420,29997630,1
2044,2045,-97868179,29999883,1
2045,2046,-97856041,30004292,1
2046,2047,-97868520,29999739,1
2047,2048,-97869521,29998763,1
2048,2049,-97866759,30003548,1
2049,2050,-97865053,30005121,1
2050,2051,-97862153,30009416,1
2051,2052,-97860204,30012584,1
2052,2053,-97861302,30013012,1
2053,2054,-97864561,30007356,1
2054,2055,-97872226,29988217,1
2055,2056,-97871805,29988055,1
2056,2057,-97875330,29988493,1
2057,2058,-97873158,29992077,1
2058,2059,-97864224,30005926,1
2059,2060,-97817640,29934329,1
2060,2061,-97823570,29968192,1
2061,2062,-97810699,29955930,1
2062,2063,-97818273,29971545,1
2063,2064,-97808745,29976888,1
2064,2065,-97808450,29989278,1
2065,2066,-97813678,29993819,1
2066,2067,-97817677,29984568,1
2067,2068,-97832749,29961303,1
2068,2069,-97834605,29999120,1
2069,2070,-97821896,30000962,1
2070,2071,-97795661,29965926,1
2071,2072,-97794449,29964911,1
2072,2073,-97847014,30032300,1
2073,2074,-97842152,30041811,1
2074,2075,-97846357,30032835,1
2075,2076,-97844714,30035577,1
2076,2077,-97846154,30035737,1
2077,2078,-97844468,30056751,1
2078,2079,-97874335,30079887,1
2079,2080,-97874376,30085233,1
2080,2081,-97859417,30057411,1
2081,2082,-97844172,30057888,1
2082,2083,-97849017,30085233,1
2083,2084,-97843890,30071266,1
2084,2085,-97844270,30038451,1
2085,2086,-97847181,30032572,1
2086,2087,-97843567,30040561,1
2087,2088,-97843981,30078846,1
2088,2089,-97842408,30081515,1
2089,2090,-97855312,30072526,1
2090,2091,-97830648,30087256,1
2091,2092,-97823356,30078930,1
2092,2093,-97821978,30081370,1
2093,2094,-97810744,30070274,1
2094,2095,-97810998,30094569,1
2095,2096,-97781297,30084451,1
2096,2097,-97848656,30086583,1
2097,2098,-97823239,30081757,1
2098,2099,-97824447,30079485,1
2099,2100,-97822475,30082520,1
2100,2101,-97825784,30076016,1
2101,2102,-97822216,30082232,1
2102,2103,-97824566,30077746,1
2103,2104,-97848376,30092478,1
2104,2105,-97839895,30141052,1
2105,2106,-97846645,30140901,1
2106,2107,-97884639,30042635,1
2107,2108,-97874437,30049961,1
2108,2109,-97889160,30027440,1
2109,2110,-97874967,30027821,1
2110,2111,-97874957,30034703,1
2111,2112,-97899698,30019116,1
2112,2113,-97854719,30021271,1
2113,2114,-97848174,30029776,1
2114,2115,-97849023,30029759,1
2115,2116,-97853646,30022320,1
2116,2117,-97854123,30022693,1
2117,2118,-97858252,30016940,1
2118,2119,-97873629,30068251,1
2119,2120,-97874942,30104231,1
2120,2121,-97874553,30092148,1
2121,2122,-97874777,30097269,1
2122,2123,-97891498,30095573,1
2123,2124,-97874813,30114723,1
2124,2125,-97862555,30124805,1
2125,2126,-97848911,30100671,1
2126,2127,-97860949,30100605,1
2127,2128,-97872072,30117934,1
2128,2129,-97838751,30048613,1
2129,2130,-97840432,30044463,1
2130,2131,-97837808,30049770,1
2131,2132,-97824400,30030178,1
2132,2133,-97789988,30024867,1
2133,2134,-97821052,30058252,1
2134,2135,-97803190,30046184,1
2135,2136,-97838021,30051900,1
2136,2137,-97840771,30046293,1
2137,2138,-97838215,30050612,1
2138,2139,-97840289,30046387,1
2139,2140,-97803453,30058509,1
2140,2141,-97821368,30071613,1
2141,2142,-97842572,30039995,1
2142,2143,-97842069,30042910,1
2143,2144,-97842901,30041884,1
2144,2145,-97843692,30066202,1
2145,2146,-97833704,30058164,1
2146,2147,-97831705,30062222,1
2147,2148,-97827419,30070839,1
2148,2149,-97840129,30057803,1
2149,2150,-97828798,30070680,1
2150,2151,-97834637,30076830,1
2151,2152,-97825720,30077186,1
2152,2153,-97821221,30065182,1
2153,2154,-97832814,30062529,1
2154,2155,-97827910,30071750,1
2155,2156,-97832455,30062354,1
2156,2157,-97825589,30075844,1
2157,2158,-97834413,30057454,1
2158,2159,-97836082,30057939,1
2159,2160,-97835362,30076801,1
2160,2161,-97824359,30077202,1
2161,2162,-97821442,30077346,1
2162,2163,-97804117,30060670,1
2163,2164,-97806658,30070329,1
2164,2165,-97813585,30094963,1
2165,2166,-97811285,30099335,1
2166,2167,-97812690,30098435,1
2167,2168,-97807884,30108909,1
2168,2169,-97808283,30112057,1
2169,2170,-97808900,30108447,1
2170,2171,-97813399,30098960,1
2171,2172,-97804675,30118369,1
2172,2173,-97809274,30109649,1
2173,2174,-97813910,30099359,1
2174,2175,-97804835,30114252,1
2175,2176,-97805531,30112147,1
2176,2177,-97805049,30115732,1
2177,2178,-97805905,30117582,1
2178,2179,-97802155,30142797,1
2179,2180,-97822986,30140481,1
2180,2181,-97795296,30112819,1
2181,2182,-97819233,30088967,1
2182,2183,-97814901,30097371,1
2183,2184,-97820047,30086778,1
2184,2185,-97814550,30095201,1
2185,2186,-97817877,30088498,1
2186,2187,-97815648,30095267,1
2187,2188,-97817858,30089770,1
2188,2189,-97794342,30094513,1
2189,2190,-97781725,30100245,1
2190,2191,-97806761,30109372,1
2191,2192,-97792339,30112981,1
2192,2193,-97798256,30130465,1
2193,2194,-97799486,30129586,1
2194,2195,-97798363,30136987,1
2195,2196,-97802268,30126556,1
2196,2197,-97796223,30138052,1
2197,2198,-97795207,30138468,1
2198,2199,-97800342,30129632,1
2199,2200,-97796009,30136340,1
2200,2201,-97795100,30141058,1
2201,2202,-97801787,30125677,1
2202,2203,-97791399,30136175,1
2203,2204,-98020961,30290398,1
2204,2205,-97912924,30187541,1
2205,2206,-97899880,30182088,1
2206,2207,-97915917,30203564,1
2207,2208,-97894051,30218164,1
2208,2209,-97910849,30234304,1
2209,2210,-97895393,30230046,1
2210,2211,-97913810,30275312,1
2211,2212,-97904212,30280330,1
2212,2213,-97927441,30307708,1
2213,2214,-97892772,30307834,1
2214,2215,-97917446,30289788,1
2215,2216,-97900370,30181256,1
2216,2217,-97913792,30186433,1
2217,2218,-97918388,30201796,1
2218,2219,-97907067,30260021,1
2219,2220,-97918722,30251859,1
2220,2221,-97876244,30282704,1
2221,2222,-97862617,30273400,1
2222,2223,-97875022,30284143,1
2223,2224,-97819556,30277539,1
2224,2225,-97815575,30275840,1
2225,2226,-97824162,30283842,1
2226,2227,-97803384,30276482,1
2227,2228,-97807103,30279916,1
2228,2229,-97888867,30262313,1
2231,2232,-97850778,30269707,1
2232,2233,-97812513,30274195,1
2233,2234,-97798176,30272939,1
2234,2235,-98022790,30215547,1
2235,2236,-98013609,30196676,1
2236,2237,-97965435,30179153,1
2237,2238,-97950540,30228909,1
2238,2239,-97972777,30208494,1
2239,2240,-97964775,30215089,1
2240,2241,-97997346,30196532,1
2241,2242,-97962868,30217079,1
2242,2243,-97980853,30233343,1
2243,2244,-97955777,30221726,1
2244,2245,-98008778,30153427,1
2245,2246,-98008567,30167389,1
2246,2247,-98002331,30178509,1
2247,2248,-98029824,30194559,1
2248,2249,-97994535,30153575,1
2249,2250,-98026025,30237490,1
2250,2251,-98021496,30243360,1
2251,2252,-98023760,30217224,1
2252,2253,-98005382,30234439,1
2253,2254,-97991675,30232748,1
2254,2255,-97999975,30231634,1
2255,2256,-97966104,30180144,1
2256,2257,-97929221,30174159,1
2257,2258,-97952457,30161605,1
2258,2259,-97926918,30189131,1
2259,2260,-97920828,30197962,1
2260,2261,-97923225,30194456,1
2261,2262,-97924096,30193069,1
2262,2263,-97946665,30225762,1
2263,2264,-97931553,30230666,1
2264,2265,-97941630,30241088,1
2265,2266,-97920292,30240527,1
2266,2267,-97927150,30246061,1
2267,2268,-97940784,30241424,1
2268,2269,-97952875,30223176,1
2269,2270,-97928424,30231228,1
2270,2271,-97918139,30238639,1
2271,2272,-97997469,30303727,1
2272,2273,-97970205,30306929,1
2273,2274,-97977990,30315871,1
2274,2275,-97965369,30309794,1
2275,2276,-97968559,30334263,1
2276,2277,-97978713,30357365,1
2277,2278,-97961170,30354141,1
2278,2279,-97986207,30354964,1
2279,2280,-97945020,30308263,1
2280,2281,-97935671,30304819,1
2281,2282,-97956127,30307893,1
2282,2283,-97955313,30321850,1
2283,2284,-97954035,30359059,1
2285,2286,-97833034,30153247,1
2286,2287,-97849577,30183334,1
2287,2288,-97845121,30190407,1
2288,2289,-97858899,30210837,1
2289,2290,-97838342,30218765,1
2290,2291,-97858555,30210520,1
2291,2292,-97838693,30217492,1
2292,2293,-97837208,30202866,1
2293,2294,-97850213,30214383,1
2294,2295,-97888666,30208101,1
2295,2296,-97843778,30219574,1
2296,2297,-97840227,30232333,1
2297,2298,-97831071,30227366,1
2298,2299,-97850943,30248549,1
2299,2300,-97845201,30245545,1
2300,2301,-97859566,30169901,1
2301,2302,-97835481,30176355,1
2302,2303,-97831757,30211092,1
2303,2304,-97845643,30216680,1
2304,2305,-97825433,30211544,1
2305,2306,-97830107,30213668,1
2306,2307,-97805362,30218339,1
2307,2308,-97814537,30213589,1
2308,2309,-97797393,30215206,1
2309,2310,-97794039,30213555,1
2310,2311,-97841448,30223141,1
2311,2312,-97854830,30224641,1
2312,2313,-97840740,30233736,1
2313,2314,-97832664,30236350,1
2314,2315,-97839630,30236609,1
2315,2316,-97831908,30237141,1
2316,2317,-97839630,30237639,1
2317,2318,-97815059,30206976,1
2318,2319,-97804470,30208596,1
2319,2320,-97850916,30213597,1
2320,2321,-97858604,30204062,1
2321,2322,-97845410,30206944,1
2322,2323,-97837139,30236830,1
2323,2324,-97837182,30237161,1
2324,2325,-97842302,30236950,1
2325,2326,-97842259,30236655,1
2326,2327,-97888236,30174337,1
2327,2328,-97878955,30180271,1
2328,2329,-97867275,30199346,1
2329,2330,-97878449,30180052,1
2330,2331,-97874961,30185813,1
2331,2332,-97865671,30199122,1
2332,2333,-97877747,30200434,1
2333,2334,-97854820,30175337,1
2334,2335,-97890580,30190033,1
2335,2336,-97892140,30188385,1
2336,2337,-97859768,30157165,1
2337,2338,-97860619,30166290,1
2338,2339,-97860279,30165113,1
2339,2340,-97858820,30193757,1
2340,2341,-97871973,30199057,1
2341,2342,-97852364,30198771,1
2342,2343,-97860569,30207564,1
2343,2344,-97861604,30208270,1
2344,2345,-97872676,30220789,1
2345,2346,-97879270,30230470,1
2346,2347,-97872836,30227623,1
2347,2348,-97883117,30243252,1
2348,2349,-97888438,30247218,1
2349,2350,-97880658,30240749,1
2350,2351,-97877965,30236775,1
2351,2352,-97879527,30243905,1
2352,2353,-97890434,30255740,1
2353,2354,-97878275,30242347,1
2354,2355,-97871023,30256900,1
2355,2356,-97864037,30245212,1
2356,2357,-97863216,30244091,1
2357,2358,-97891400,30240407,1
2358,2359,-97883600,30236802,1
2359,2360,-97892219,30221946,1
2360,2361,-97900652,30236646,1
2361,2362,-97890584,30238761,1
2362,2363,-97902225,30260195,1
2363,2364,-97893795,30256776,1
2364,2365,-97889070,30257265,1
2365,2366,-97896549,30251140,1
2366,2367,-97904199,30257047,1
2367,2368,-97862400,30216061,1
2368,2369,-97857660,30220274,1
2369,2370,-97868584,30225608,1
2370,2371,-97864518,30229763,1
2371,2372,-97861267,30227832,1
2372,2373,-97862833,30222852,1
2373,2374,-97860449,30227426,1
2374,2375,-97854532,30236052,1
2375,2376,-97854813,30235140,1
2376,2377,-97871649,30223181,1
2377,2378,-97863618,30223243,1
2378,2379,-97852537,30217862,1
2379,2380,-97855347,30223843,1
2380,2381,-97854334,30218741,1
2381,2382,-97856936,30273753,1
2382,2383,-97857790,30251431,1
2383,2384,-97864878,30254374,1
2384,2385,-97853226,30249645,1
2385,2386,-97823559,30173459,1
2386,2387,-97819921,30179605,1
2387,2388,-97816884,30173662,1
2388,2389,-97809477,30173886,1
2389,2390,-97832375,30176355,1
2390,2391,-97816079,30185679,1
2391,2392,-97810546,30185283,1
2392,2393,-97795686,30179238,1
2393,2394,-97795170,30180182,1
2394,2395,-97788699,30182422,1
2395,2396,-97785005,30172747,1
2396,2397,-97807160,30199803,1
2397,2398,-97812608,30191134,1
2398,2399,-97806668,30202665,1
2399,2400,-97802237,30180485,1
2400,2401,-97807529,30180831,1
2401,2402,-97808159,30178514,1
2402,2403,-97803448,30177279,1
2403,2404,-97812793,30202762,1
2404,2405,-97828925,30188640,1
2405,2406,-97833872,30176355,1
2406,2407,-97802057,30160700,1
2407,2408,-97830006,30164189,1
2408,2409,-97825103,30169231,1
2409,2410,-97827104,30187778,1
2410,2411,-97830519,30194472,1
2411,2412,-97820203,30199763,1
2412,2413,-97838303,30201214,1
2413,2414,-97842094,30195122,1
2414,2415,-97814837,30191706,1
2415,2416,-97816427,30197267,1
2416,2417,-97821196,30195762,1
2417,2418,-97824843,30189681,1
2418,2419,-97819117,30198839,1
2419,2420,-97799273,30172226,1
2420,2421,-97788279,30166962,1
2421,2422,-97798642,30173904,1
2422,2423,-97790784,30174077,1
2423,2424,-97788333,30163204,1
2424,2425,-97790981,30155768,1
2425,2426,-97789590,30162464,1
2426,2427,-97787129,30166939,1
2427,2428,-97787557,30160891,1
2428,2429,-97787985,30162002,1
2429,2430,-97806770,30173786,1
2430,2431,-97791410,30157098,1
2431,2432,-97793656,30149732,1
2432,2433,-97788798,30156987,1
2433,2434,-97787076,30165459,1
2434,2435,-97802486,30185486,1
2435,2436,-97792438,30183698,1
2436,2437,-97791851,30198722,1
2437,2438,-97790057,30192877,1
2438,2439,-97783017,30194474,1
2439,2440,-97787501,30196980,1
2440,2441,-97793366,30199096,1
2441,2442,-97798499,30200171,1
2442,2443,-97789132,30194362,1
2443,2444,-97794017,30207745,1
2444,2445,-97804482,30202191,1
2445,2446,-97805942,30199384,1
2446,2447,-97802201,30198903,1
2447,2448,-97790227,30189777,1
2448,2449,-97786171,30182928,1
2449,2450,-97783996,30191804,1
2450,2451,-97790013,30180322,1
2451,2452,-97781832,30183114,1
2452,2453,-97791199,30204353,1
2453,2454,-97789122,30211320,1
2454,2455,-97786904,30210516,1
2455,2456,-97790864,30198363,1
2456,2457,-97784275,30202228,1
2457,2458,-97790072,30205473,1
2458,2459,-97784479,30209203,1
2459,2460,-97805243,30222801,1
2460,2461,-97809223,30228050,1
2461,2462,-97821453,30233858,1
2462,2463,-97808305,30232450,1
2463,2464,-97818097,30232666,1
2464,2465,-97806939,30231455,1
2465,2466,-97819349,30238975,1
2466,2467,-97808808,30244234,1
2467,2468,-97828390,30240218,1
2468,2469,-97821340,30238702,1
2469,2470,-97812264,30257974,1
2470,2471,-97806739,30218583,1
2471,2472,-97813629,30215003,1
2472,2473,-97810437,30233550,1
2473,2474,-97825435,30236386,1
2474,2475,-97810455,30233955,1
2475,2476,-97818327,30233651,1
2476,2477,-97807022,30244695,1
2477,2478,-97806120,30245150,1
2478,2479,-97820834,30237759,1
2479,2480,-97782109,30243412,1
2480,2481,-97807716,30245978,1
2481,2482,-97806316,30249719,1
2482,2483,-97802314,30251923,1
2483,2484,-97816613,30263752,1
2484,2485,-97827170,30218206,1
2485,2486,-97826613,30233436,1
2486,2487,-97830077,30227029,1
2487,2488,-97825502,30232864,1
2488,2489,-97829883,30236060,1
2489,2490,-97825605,30235193,1
2490,2491,-97825746,30236837,1
2491,2492,-97824203,30236089,1
2492,2493,-97826329,30219506,1
2493,2494,-97830177,30236495,1
2494,2495,-97830217,30236772,1
2495,2496,-97827504,30231272,1
2496,2497,-97835212,30222202,1
2497,2498,-97834969,30221992,1
2498,2499,-97826983,30231272,1
2499,2500,-97836259,30219835,1
2500,2501,-97836875,30220703,1
2501,2502,-97834436,30217456,1
2502,2503,-97824848,30236480,1
2503,2504,-97823722,30237683,1
2504,2505,-97824175,30234639,1
2505,2506,-97822684,30236251,1
2506,2507,-97821308,30237186,1
2507,2508,-97822571,30237333,1
2508,2509,-97822005,30237105,1
2509,2510,-97820512,30234337,1
2510,2511,-97823091,30235790,1
2511,2512,-97814364,30260888,1
2512,2513,-97816797,30263578,1
2513,2514,-97817979,30266143,1
2514,2515,-97817588,30271600,1
2515,2516,-97817882,30271717,1
2516,2517,-97818340,30267828,1
2517,2518,-97818023,30265414,1
2518,2519,-97795323,30218078,1
2519,2520,-97808527,30227708,1
2520,2521,-97800515,30232107,1
2521,2522,-97796057,30233286,1
2522,2523,-97798636,30232689,1
2523,2524,-97793702,30235575,1
2524,2525,-97797025,30233980,1
2525,2526,-97798816,30236970,1
2526,2527,-97794725,30232953,1
2527,2528,-97793757,30220448,1
2528,2529,-97798451,30222744,1
2529,2530,-97801013,30229003,1
2530,2531,-97789878,30230355,1
2531,2532,-97799201,30223115,1
2532,2533,-97788003,30230378,1
2533,2534,-97786540,30229342,1
2534,2535,-97796031,30234377,1
2535,2536,-97797780,30235927,1
2536,2537,-97800213,30232603,1
2537,2538,-97794501,30235198,1
2538,2539,-97798214,30233339,1
2539,2540,-97793235,30232583,1
2540,2541,-97788557,30229617,1
2541,2542,-97801512,30228047,1
2542,2543,-97789269,30228254,1
2543,2544,-97799467,30229025,1
2544,2545,-97793822,30230386,1
2545,2546,-97797975,30230122,1
2546,2547,-97801713,30217546,1
2547,2548,-97803685,30225331,1
2548,2549,-97804014,30231462,1
2549,2550,-97804853,30231804,1
2550,2551,-97800718,30232967,1
2551,2552,-97806320,30232413,1
2552,2553,-97807216,30232432,1
2553,2554,-97798967,30238041,1
2554,2555,-97808476,30232875,1
2555,2556,-97807964,30233151,1
2556,2557,-97806884,30232009,1
2557,2558,-97799280,30237916,1
2558,2559,-97790699,30225517,1
2559,2560,-97792052,30236651,1
2560,2561,-97789945,30237902,1
2561,2562,-97785525,30233587,1
2562,2563,-97789249,30230721,1
2563,2564,-97792418,30232393,1
2564,2565,-97783520,30236646,1
2565,2566,-97794596,30233574,1
2566,2567,-97791055,30231190,1
2567,2568,-97795234,30233917,1
2568,2569,-97805347,30260056,1
2569,2570,-97808880,30261715,1
2570,2571,-97800540,30256001,1
2571,2572,-97794047,30260262,1
2572,2573,-97796170,30258713,1
2573,2574,-97793240,30260209,1
2574,2575,-97810167,30260195,1
2575,2576,-97797666,30258993,1
2576,2577,-97797651,30272563,1
2577,2578,-97791447,30270391,1
2578,2579,-97788804,30263095,1
2579,2580,-97794025,30260676,1
2580,2581,-97799849,30257420,1
2581,2582,-97792218,30260730,1
2582,2583,-97789257,30262343,1
2583,2584,-97805797,30266681,1
2584,2585,-97791986,30262226,1
2585,2586,-97789245,30263327,1
2586,2587,-97804075,30247630,1
2587,2588,-97806613,30251005,1
2588,2589,-97805827,30252168,1
2589,2590,-97803706,30255017,1
2590,2591,-97802677,30258601,1
2591,2592,-97802627,30250175,1
2592,2593,-97801443,30253313,1
2593,2594,-97803534,30255686,1
2594,2595,-97802043,30256627,1
2595,2596,-97801035,30272874,1
2596,2597,-97800140,30274274,1
2597,2598,-97784927,30252789,1
2598,2599,-97787230,30264663,1
2599,2600,-97787056,30263620,1
2600,2601,-97782899,30266277,1
2601,2602,-97788165,30264301,1
2602,2603,-97789885,30263404,1
2603,2604,-97784744,30264583,1
2604,2605,-97786332,30265011,1
2605,2606,-97869190,30289039,1
2625,2626,-97810687,30283109,1
2660,2661,-97808305,30281367,1
2688,2689,-97742644,30021253,1
2689,2690,-97727960,30009015,1
2690,2691,-97699893,30024991,1
2691,2692,-97655379,30091222,1
2692,2693,-97636677,30099121,1
2693,2694,-97640916,30126139,1
2694,2695,-97650210,30110472,1
2695,2696,-97649334,30112969,1
2696,2697,-97749232,29994679,1
2697,2698,-97764403,29979760,1
2698,2699,-97737500,30061381,1
2699,2700,-97710553,30063897,1
2700,2701,-97754532,30079628,1
2701,2702,-97734261,30089855,1
2702,2703,-97735104,30080573,1
2703,2704,-97714320,30088539,1
2704,2705,-97693648,30093330,1
2705,2706,-97714933,30120769,1
2706,2707,-97694721,30112132,1
2707,2708,-97685891,30069984,1
2708,2709,-97665963,30081814,1
2709,2710,-97671268,30086210,1
2710,2711,-97722686,30108393,1
2711,2712,-97693484,30089301,1
2712,2713,-97709943,30128798,1
2713,2714,-97767823,30032842,1
2714,2715,-97746917,30024813,1
2715,2716,-97748151,30076519,1
2716,2717,-97735035,30074841,1
2717,2718,-97755827,30046374,1
2718,2719,-97746461,30058424,1
2719,2720,-97732168,30066423,1
2720,2721,-97755922,30100159,1
2721,2722,-97774975,30126941,1
2722,2723,-97749035,30111202,1
2723,2724,-97738208,30106093,1
2724,2725,-97755881,30133965,1
2725,2726,-97746603,30114963,1
2726,2727,-97740532,30123976,1
2727,2728,-97719341,30113733,1
2728,2729,-97761764,30093566,1
2729,2730,-97773374,30138118,1
2730,2731,-97727371,30100934,1
2731,2732,-97733256,30135335,1
2732,2733,-97703773,30058231,1
2733,2734,-97688502,30027369,1
2734,2735,-97683197,30098475,1
2735,2736,-97674058,30106732,1
2736,2737,-97694848,30115064,1
2737,2738,-97683977,30129380,1
2738,2739,-97680223,30135807,1
2739,2740,-97667553,30121538,1
2740,2741,-97684563,30097144,1
2741,2742,-97690349,30119328,1
2742,2743,-97694471,30106856,1
2743,2744,-97695660,30129184,1
2744,2745,-97660082,30095123,1
2745,2746,-97678447,30138109,1
2746,2747,-97634975,30120507,1
2747,2748,-97622726,30109931,1
2748,2749,-97615924,30141786,1
2749,2750,-97621771,30132645,1
2750,2751,-97628491,30104783,1
2767,2768,-97647323,30190898,1
2809,2810,-97638011,30155885,1
2810,2811,-97649013,30161242,1
2811,2812,-97646240,30180450,1
2812,2813,-97659840,30166537,1
2838,2839,-97657026,30211935,1
2839,2840,-97639066,30202928,1
2843,2844,-97652986,30209457,1
2844,2845,-97653118,30209191,1
2845,2846,-97657961,30211133,1
2846,2847,-97772500,30208625,1
2847,2848,-97768502,30214937,1
2848,2849,-97720695,30179253,1
2849,2850,-97703901,30189539,1
2850,2851,-97745592,30212605,1
2851,2852,-97736708,30212424,1
2852,2853,-97716385,30205211,1
2853,2854,-97712016,30203097,1
2854,2855,-97774575,30217810,1
2855,2856,-97759339,30205546,1
2856,2857,-97754536,30212804,1
2857,2858,-97756356,30209693,1
2858,2859,-97753358,30213221,1
2859,2860,-97756035,30208861,1
2860,2861,-97752689,30212735,1
2861,2862,-97754054,30210491,1
2862,2863,-97752100,30212319,1
2863,2864,-97752395,30211787,1
2864,2865,-97747130,30209953,1
2865,2866,-97740275,30206682,1
2866,2867,-97735299,30214518,1
2867,2868,-97723017,30208496,1
2868,2869,-97712447,30229240,1
2869,2870,-97714194,30230142,1
2870,2871,-97716967,30242277,1
2880,2881,-97728433,30158589,1
2881,2882,-97700983,30172365,1
2882,2883,-97721729,30172286,1
2883,2884,-97710248,30214782,1
2884,2885,-97719287,30238550,1
2890,2891,-97748887,30210789,1
2891,2892,-97744127,30208545,1
2892,2893,-97745062,30213391,1
2893,2894,-97766695,30214327,1
2894,2895,-97765238,30207615,1
2895,2896,-97769721,30205739,1
2896,2897,-97733596,30213517,1
2897,2898,-97717933,30218650,1
2898,2899,-97701229,30213910,1
2899,2900,-97712535,30211305,1
2900,2901,-97711892,30212359,1
2901,2902,-97665134,30216178,1
2902,2903,-97714789,30212026,1
2903,2904,-97709216,30211582,1
2904,2905,-97709253,30212058,1
2905,2906,-97714752,30212438,1
2906,2907,-97698437,30215163,1
2907,2908,-97661824,30213843,1
2908,2909,-97662104,30213600,1
2909,2910,-97733560,30214910,1
2910,2911,-97717869,30212168,1
2911,2912,-97717795,30213182,1
2912,2913,-97706430,30212153,1
2913,2914,-97706980,30213072,1
2914,2915,-97698621,30215511,1
2915,2916,-97676929,30220985,1
2916,2917,-97773082,30186796,1
2917,2918,-97769536,30177514,1
2918,2919,-97768677,30183475,1
2919,2920,-97759613,30159699,1
2920,2921,-97745726,30158249,1
2921,2922,-97756169,30184813,1
2922,2923,-97768251,30184613,1
2923,2924,-97741951,30173972,1
2924,2925,-97774095,30186753,1
2925,2926,-97744809,30184933,1
2926,2927,-97741997,30200126,1
2927,2928,-97746580,30179624,1
2928,2929,-97751399,30172862,1
2929,2930,-97743914,30196782,1
2930,2931,-97751597,30201675,1
2931,2932,-97749468,30193563,1
2932,2933,-97744422,30193815,1
2933,2934,-97751639,30186709,1
2934,2935,-97745832,30169612,1
2935,2936,-97752905,30170586,1
2936,2937,-97750023,30180834,1
2937,2938,-97756610,30179624,1
2938,2939,-97762060,30180521,1
2939,2940,-97769031,30157315,1
2940,2941,-97769101,30165894,1
2941,2942,-97769391,30160402,1
2942,2943,-97768355,30170108,1
2943,2944,-97776586,30197649,1
2944,2945,-97767462,30188966,1
2945,2946,-97762540,30187447,1
2946,2947,-97768854,30192625,1
2947,2948,-97764091,30198488,1
2948,2949,-97771316,30190751,1
2949,2950,-97764733,30198881,1
2950,2951,-97762753,30197713,1
2951,2952,-97769871,30192532,1
2952,2953,-97763796,30200095,1
2953,2954,-97762512,30200477,1
2954,2955,-97764599,30195427,1
2955,2956,-97759112,30203414,1
2956,2957,-97768212,30192255,1
2957,2958,-97751890,30193442,1
2958,2959,-97757931,30194952,1
2959,2960,-97753974,30200557,1
2960,2961,-97760827,30182765,1
2961,2962,-97764201,30181699,1
2962,2963,-97773447,30187735,1
2963,2964,-97771021,30187120,1
2964,2965,-97772118,30186796,1
2965,2966,-97772304,30185189,1
2966,2967,-97770620,30190404,1
2967,2968,-97774397,30191645,1
2968,2969,-97769175,30189710,1
2969,2970,-97767944,30191283,1
2970,2971,-97766271,30193356,1
2971,2972,-97764720,30192585,1
2972,2973,-97769338,30201081,1
2973,2974,-97765663,30203904,1
2974,2975,-97754146,30193329,1
2975,2976,-97748455,30191947,1
2976,2977,-97758745,30186275,1
2977,2978,-97758283,30205669,1
2978,2979,-97756918,30204917,1
2979,2980,-97758898,30202489,1
2980,2981,-97753010,30210792,1
2981,2982,-97753715,30203236,1
2982,2983,-97741380,30165435,1
2983,2984,-97735733,30162431,1
2984,2985,-97736012,30159963,1
2985,2986,-97725755,30162941,1
2986,2987,-97736779,30166247,1
2987,2988,-97738198,30168772,1
2988,2989,-97737524,30194831,1
2989,2990,-97735210,30198516,1
2990,2991,-97744425,30183938,1
2991,2992,-97738624,30193114,1
2992,2993,-97740932,30189512,1
2993,2994,-97742330,30187287,1
2994,2995,-97745234,30188594,1
2995,2996,-97744456,30184367,1
2996,2997,-97744502,30190794,1
2997,2998,-97742026,30201952,1
2998,2999,-97768935,30246417,1
2999,3000,-97764886,30244162,1
3000,3001,-97749437,30215595,1
3001,3002,-97743861,30216208,1
3002,3003,-97748085,30222241,1
3003,3004,-97745301,30226878,1
3004,3005,-97748112,30223675,1
3005,3006,-97746211,30222218,1
3006,3007,-97757351,30244504,1
3007,3008,-97756137,30246369,1
3008,3009,-97744644,30229559,1
3009,3010,-97748550,30236584,1
3010,3011,-97741993,30233874,1
3011,3012,-97753343,30245581,1
3012,3013,-97751330,30244013,1
3013,3014,-97750998,30244906,1
3014,3015,-97741698,30234455,1
3015,3016,-97757454,30244336,1
3016,3017,-97763581,30243417,1
3017,3018,-97748325,30252084,1
3026,3027,-97747937,30219391,1
3027,3028,-97747121,30220853,1
3028,3029,-97745702,30227688,1
3029,3030,-97744819,30226161,1
3030,3031,-97747469,30221709,1
3031,3032,-97745263,30238012,1
3032,3033,-97747327,30239417,1
3033,3034,-97745091,30244258,1
3034,3035,-97750651,30245881,1
3035,3036,-97736312,30242209,1
3036,3037,-97735297,30246302,1
3037,3038,-97730201,30244603,1
3038,3039,-97733949,30247625,1
3039,3040,-97739073,30241989,1
3040,3041,-97736482,30243388,1
3041,3042,-97735998,30245383,1
3042,3043,-97735046,30249646,1
3043,3044,-97734619,30243739,1
3044,3045,-97733628,30244364,1
3054,3055,-97749857,30247997,1
3055,3056,-97741499,30244676,1
3056,3057,-97750867,30231102,1
3057,3058,-97761886,30248140,1
3058,3059,-97764056,30243776,1
3059,3060,-97750702,30214749,1
3060,3061,-97746356,30215717,1
3061,3062,-97746448,30216605,1
3062,3063,-97750057,30215896,1
3063,3064,-97738253,30215955,1
3064,3065,-97749692,30215163,1
3065,3066,-97738473,30215670,1
3066,3067,-97769235,30226916,1
3067,3068,-97767801,30229124,1
3068,3069,-97763968,30222301,1
3069,3070,-97758024,30219675,1
3070,3071,-97766818,30224811,1
3071,3072,-97762072,30226014,1
3072,3073,-97759921,30229425,1
3073,3074,-97772839,30228159,1
3074,3075,-97763595,30231228,1
3075,3076,-97762197,30237344,1
3076,3077,-97767869,30215975,1
3077,3078,-97763346,30223341,1
3078,3079,-97758067,30220488,1
3079,3080,-97754222,30217623,1
3080,3081,-97765626,30224466,1
3081,3082,-97761335,30227055,1
3082,3083,-97755667,30227403,1
3083,3084,-97762743,30236474,1
3084,3085,-97765420,30232191,1
3085,3086,-97759332,30241908,1
3086,3087,-97754404,30226803,1
3087,3088,-97761195,30220734,1
3088,3089,-97773819,30227326,1
3089,3090,-97772887,30220474,1
3090,3091,-97773010,30227575,1
3091,3092,-97769166,30226355,1
3092,3093,-97771768,30227121,1
3093,3094,-97769714,30226116,1
3094,3095,-97768011,30225108,1
3095,3096,-97767387,30225608,1
3096,3097,-97766010,30223715,1
3097,3098,-97764750,30224153,1
3098,3099,-97766549,30225515,1
3099,3100,-97768080,30226387,1
3100,3101,-97767030,30230372,1
3101,3102,-97753438,30216303,1
3102,3103,-97752553,30216093,1
3103,3104,-97750820,30217618,1
3104,3105,-97749075,30222102,1
3105,3106,-97751083,30218656,1
3106,3107,-97749986,30217349,1
3107,3108,-97753942,30216268,1
3108,3109,-97754330,30218203,1
3109,3110,-97752679,30215828,1
3110,3111,-97750381,30215324,1
3111,3112,-97748987,30217507,1
3112,3113,-97752872,30215515,1
3113,3114,-97752281,30216563,1
3114,3115,-97757043,30234048,1
3115,3116,-97749671,30236550,1
3116,3117,-97753282,30238542,1
3117,3118,-97756728,30240620,1
3118,3119,-97755709,30235642,1
3119,3120,-97747665,30239617,1
3120,3121,-97752609,30239536,1
3121,3122,-97752119,30241627,1
3123,3124,-97761283,30255943,1
3124,3125,-97761214,30261799,1
3128,3129,-97768420,30248643,1
3129,3130,-97764882,30251061,1
3132,3133,-97758134,30260731,1
3136,3137,-97753305,30259400,1
3137,3138,-97769715,30248227,1
3138,3139,-97767484,30252865,1
3139,3140,-97771131,30255461,1
3140,3141,-97773734,30251596,1
3145,3146,-97776954,30268661,1
3153,3154,-97759366,30247433,1
3154,3155,-97751991,30254656,1
3155,3156,-97749749,30258218,1
3173,3174,-97742712,30228297,1
3174,3175,-97741504,30230359,1
3175,3176,-97736700,30232103,1
3176,3177,-97734904,30215239,1
3177,3178,-97732700,30230568,1
3178,3179,-97742566,30231548,1
3179,3180,-97741794,30231308,1
3180,3181,-97735892,30231527,1
3181,3182,-97734428,30222423,1
3182,3183,-97730613,30229603,1
3183,3184,-97727271,30227057,1
3184,3185,-97732728,30237979,1
3185,3186,-97722868,30233703,1
3186,3187,-97729018,30242973,1
3187,3188,-97731566,30239866,1
3188,3189,-97723983,30225227,1
3189,3190,-97720065,30232282,1
3190,3191,-97728267,30235904,1
3191,3192,-97730967,30237491,1
3192,3193,-97727952,30241534,1
3193,3194,-97725383,30237507,1
3194,3195,-97733625,30230786,1
3195,3196,-97741515,30224260,1
3196,3197,-97729893,30215068,1
3197,3198,-97733633,30215543,1
3198,3199,-97734000,30214656,1
3199,3200,-97730187,30214118,1
3200,3201,-97733413,30215227,1
3201,3202,-97743776,30219415,1
3202,3203,-97739626,30215486,1
3203,3204,-97735151,30214796,1
3204,3205,-97735121,30215790,1
3205,3206,-97739133,30216303,1
3206,3207,-97743772,30216699,1
3207,3208,-97743920,30215777,1
3208,3209,-97743882,30226300,1
3209,3210,-97734644,30215704,1
3210,3211,-97740886,30234424,1
3211,3212,-97738734,30237959,1
3212,3213,-97739706,30233297,1
3213,3214,-97737741,30232527,1
3214,3215,-97739947,30237483,1
3215,3216,-97741125,30235517,1
3216,3217,-97737457,30238640,1
3217,3218,-97740107,30234153,1
3218,3219,-97737082,30237784,1
3219,3220,-97739090,30234338,1
3220,3221,-97737859,30241126,1
3221,3222,-97744974,30237736,1
3222,3223,-97743695,30231238,1
3223,3224,-97741312,30233690,1
3224,3225,-97742821,30243819,1
3225,3226,-97742037,30243436,1
3226,3227,-97735931,30239761,1
3227,3228,-97723539,30224843,1
3228,3229,-97722180,30223308,1
3229,3230,-97720171,30219776,1
3230,3231,-97719567,30213466,1
3231,3232,-97724986,30214341,1
3232,3233,-97724969,30213179,1
3233,3234,-97725762,30238597,1
3234,3235,-97723410,30244446,1
3235,3236,-97716893,30237380,1
3236,3237,-97726318,30240990,1
3237,3238,-97726834,30240026,1
3238,3239,-97724110,30244489,1
3277,3278,-97743494,30253329,1
3279,3280,-97737261,30249040,1
3281,3282,-97736441,30248151,1
3287,3288,-97744043,30254135,1
3288,3289,-97734429,30250375,1
3289,3290,-97735529,30247740,1
3389,3390,-97692796,30163989,1
3390,3391,-97687376,30182739,1
3391,3392,-97673885,30174147,1
3392,3393,-97694989,30157232,1
3393,3394,-97704164,30196714,1
3394,3395,-97698218,30191629,1
3395,3396,-97683804,30197945,1
3396,3397,-97665818,30157627,1
3397,3398,-97660261,30166184,1
3398,3399,-97662192,30206832,1
3399,3400,-97684974,30221104,1
3407,3408,-97677105,30221473,1
3409,3410,-97681340,30225911,1
3410,3411,-97682592,30228968,1
3411,3412,-97682168,30222792,1
3416,3417,-97677602,30222207,1
3417,3418,-97681991,30226529,1
3418,3419,-97683125,30227579,1
3421,3422,-97685325,30221281,1
3422,3423,-97682292,30221664,1
3423,3424,-97678887,30221626,1
3424,3425,-97679434,30223760,1
3425,3426,-97690350,30218036,1
3426,3427,-97699610,30223094,1
3427,3428,-97697625,30222262,1
3428,3429,-97707712,30226793,1
3429,3430,-97703568,30234225,1
3430,3431,-97698222,30232548,1
3432,3433,-97700876,30223624,1
3433,3434,-97698552,30232040,1
3434,3435,-97703324,30224650,1
3435,3436,-97683381,30222430,1
3438,3439,-97682472,30227930,1
3439,3440,-97691138,30218542,1
3440,3441,-97701764,30214845,1
3441,3442,-97689427,30218938,1
3442,3443,-97689629,30219171,1
3443,3444,-97689988,30217802,1
3444,3445,-97706785,30219997,1
3445,3446,-97705957,30220717,1
3446,3447,-97686137,30220055,1
3447,3448,-97683421,30221328,1
3448,3449,-97683560,30217387,1
3449,3450,-97686422,30220988,1
3498,3499,-97678014,30223321,1
3500,3501,-97676145,30221944,1
3501,3502,-97673241,30220479,1
4485,4486,-97599340,30157766,1
4486,4487,-97639538,30177262,1
4487,4488,-97636769,30163145,1
4488,4489,-97637544,30202109,1
6012,6013,-97623736,30200020,1
6013,6014,-97623286,30199804,1
6014,6015,-97624984,30195775,1
6015,6016,-97625539,30194889,1
6016,6017,-97626180,30196809,1
6017,6018,-97626736,30195923,1
6018,6019,-97628145,30192305,1
6019,6020,-97627633,30191935,1
6020,6021,-97630416,30172862,1
6021,6022,-97627823,30171685,1
6022,6023,-97628830,30180308,1
6023,6024,-97629384,30184097,1
6024,6025,-97630291,30184097,1
6025,6026,-97630996,30179829,1
6026,6027,-97630745,30163890,1
6027,6028,-97631198,30164587,1
6028,6029,-97628837,30167774,1
6029,6030,-97630971,30167549,1
6030,6031,-97637040,30152612,1
6031,6032,-97638904,30153570,1
6032,6033,-97640666,30148779,1
6033,6034,-97641321,30149476,1
6034,6035,-97650461,30133494,1
6035,6036,-97652878,30134757,1
6036,6037,-97654036,30129792,1
6037,6038,-97648396,30137762,1
6038,6039,-97648950,30138110,1
6039,6040,-97654590,30130620,1
6040,6041,-97663300,30119470,1
6041,6042,-97660733,30118382,1
6042,6043,-97659323,30122475,1
6043,6044,-97660505,30122345,1
6044,6045,-97664861,30113809,1
6045,6046,-97664684,30115595,1
6046,6047,-97670422,30103904,1
6047,6048,-97671659,30104882,1
6048,6049,-97668284,30107364,1
6049,6050,-97669342,30107887,1
6050,6051,-97674622,30101297,1
6051,6052,-97674669,30100230,1
6052,6053,-97678336,30098239,1
6053,6054,-97677823,30097664,1
6054,6055,-97681508,30094597,1
6055,6056,-97680446,30093760,1
6056,6057,-97684361,30090227,1
6057,6058,-97683472,30090248,1
6058,6059,-97687546,30085761,1
6059,6060,-97687024,30084985,1
6060,6061,-97689699,30083809,1
6061,6062,-97688551,30082843,1
6062,6063,-97691642,30081789,1
6063,6064,-97690257,30080898,1
6064,6065,-97692055,30074468,1
6065,6066,-97692306,30077636,1
6066,6067,-97692053,30079998,1
6067,6068,-97691073,30079508,1
6068,6069,-97693539,30077898,1
6069,6070,-97692510,30073714,1
6070,6071,-97693138,30074078,1
6071,6072,-97693694,30082518,1
6072,6073,-97690933,30058237,1
6073,6074,-97691764,30060984,1
6074,6075,-97692610,30063282,1
6075,6076,-97692622,30059246,1
6076,6077,-97691515,30048895,1
6077,6078,-97689570,30047917,1
6078,6079,-97690118,30055686,1
6079,6080,-97692126,30054219,1
6080,6081,-97689033,30035459,1
6081,6082,-97689859,30037575,1
6082,6083,-97690878,30042000,1
6083,6084,-97689019,30040994,1
6084,6085,-97688715,30032469,1
6085,6086,-97689394,30032809,1
6086,6087,-97689573,30029653,1
6087,6088,-97687822,30029250,1
6088,6089,-97687650,30027541,1
6089,6090,-97689323,30027332,1
6090,6091,-97687979,30023983,1
6091,6092,-97757850,30219965,1
6092,6093,-97760622,30221766,1
6103,6104,-97832635,30190477,1
6116,6117,-97985256,29827578,1
6117,6118,-97985734,29827977,1
6131,6132,-97743531,30216373,1
6132,6133,-97744266,30216113,1
6133,6134,-97746437,30216502,1
6134,6135,-97746806,30215771,1
6135,6136,-97748333,30219495,1
6136,6137,-97750194,30219367,1
6137,6138,-97756098,30218671,1
6138,6139,-97756140,30219069,1
6139,6140,-97754822,30217522,1
6140,6141,-97754630,30218186,1
6141,6142,-97742536,30230046,1
6142,6143,-97739022,30239097,1
6173,6174,-97808566,30254089,1
6174,6175,-97809220,30253683,1
6175,6176,-97812577,30257784,1
6176,6177,-97811886,30258221,1
6177,6178,-97814645,30260719,1
6178,6179,-97819241,30277664,1
6179,6180,-97818160,30275970,1
6180,6181,-97818425,30275830,1
6181,6182,-97819882,30277397,1
6185,6186,-97824403,30283708,1
6186,6187,-97823918,30284031,1
6256,6257,-97816414,30239695,1
6257,6258,-97814921,30241185,1
6266,6267,-97864697,30234410,1
6267,6268,-97864461,30233618,1
6268,6269,-97871062,30234142,1
6269,6270,-97861569,30235117,1
6270,6271,-97861587,30234158,1
6271,6272,-97858114,30235546,1
6272,6273,-97858078,30235156,1
6273,6274,-97874244,30233545,1
6274,6275,-97874662,30233325,1
6275,6276,-97874259,30232762,1
6276,6277,-97873868,30232965,1
6277,6278,-97877357,30231899,1
6278,6279,-97877190,30231191,1
6279,6280,-97879015,30230198,1
6280,6281,-97888093,30228679,1
6281,6282,-97884071,30228341,1
6282,6283,-97884888,30229019,1
6283,6284,-97888014,30229333,1
6340,6341,-97817142,30233369,1
6341,6342,-97817475,30233027,1
6342,6343,-97828730,30229139,1
6343,6344,-97828522,30228863,1
6344,6345,-97825712,30232968,1
6345,6346,-97826417,30233375,1
6346,6347,-97820456,30234053,1
6347,6348,-97820809,30233426,1
6361,6362,-98101147,30026858,1
6362,6363,-98081408,30005201,1
6378,6379,-97730160,30146025,1
6379,6380,-97703880,30138344,1
6380,6381,-97696024,30135389,1
6381,6382,-97729342,30157334,1
6382,6383,-97731083,30149401,1
6383,6384,-97761653,30156624,1
6384,6385,-97755158,30158199,1
6385,6386,-97696766,30165848,1
6394,6395,-97859955,30127119,1
6395,6396,-97850378,30137135,1
6396,6397,-97846914,30149191,1
6397,6398,-97860066,30161805,1
6398,6399,-97855858,30132033,1
6399,6400,-97891435,29925849,1
6400,6401,-97893346,29922036,1
6401,6402,-97893013,29921921,1
6402,6403,-97892725,29924241,1
6403,6404,-97891520,29923770,1
6404,6405,-97894079,29883238,1
6405,6406,-97894471,29881555,1
6406,6407,-97895371,29876158,1
6407,6408,-97896813,29863694,1
6408,6409,-97935092,29831480,1
6409,6410,-97809130,30276716,1
6417,6418,-97684306,30198005,1
6418,6419,-97683302,30197906,1
6419,6420,-97687804,30183040,1
6420,6421,-97687031,30182452,1
6421,6422,-97693067,30164116,1
6422,6423,-97692503,30163850,1
6423,6424,-97705409,30116230,1
6424,6425,-97697150,30149070,1
6425,6426,-97696975,30144143,1
6426,6427,-97694428,30115110,1
6427,6428,-97694117,30093237,1
6428,6429,-97695057,30111890,1
6429,6430,-97694182,30106826,1
6430,6431,-97688860,30176262,1
6431,6432,-97689641,30176458,1
6432,6433,-97707740,30175929,1
6433,6434,-97691615,30197576,1
6434,6435,-97662533,30139307,1
6435,6436,-97721963,30047053,1
6436,6437,-97737802,30001733,1
6437,6438,-97714631,30018687,1
6438,6439,-97761506,30041147,1
6439,6440,-97783867,30169035,1
6440,6441,-97784922,30169014,1
6494,6495,-97910859,30234545,1
6495,6496,-97946325,30233132,1
6496,6497,-97952889,30223573,1
6497,6498,-97956010,30221987,1
6498,6499,-97753456,30132632,1
6499,6500,-97753429,30125125,1
6500,6501,-97663328,30170031,1
6501,6502,-97643716,30158663,1
6504,6505,-97638821,30203259,1
6505,6506,-97637889,30201793,1
6506,6507,-97639325,30202630,1
6507,6508,-97637296,30202375,1
6508,6509,-97640660,30203888,1
6509,6510,-97640833,30203708,1
6510,6511,-97631339,30198346,1
6511,6512,-97621126,30192430,1
6512,6513,-97611935,30185545,1
6513,6514,-97611697,30186403,1
6523,6524,-97936888,30170653,1
6524,6525,-97876027,30235242,1
6525,6526,-97876511,30234810,1
6560,6561,-97934953,30304988,1
6561,6562,-97945282,30308998,1
6562,6563,-97947002,30312372,1
6563,6564,-97950019,30308097,1
6564,6565,-97913174,30275587,1
6565,6566,-97906248,30260125,1
6566,6567,-97907605,30259944,1
6567,6568,-97888687,30246958,1
6568,6569,-97878215,30236850,1
6573,6574,-97734330,30216217,1
6574,6575,-97730339,30222336,1
6575,6576,-97767159,30147911,1
6576,6577,-97778358,30129313,1
6577,6578,-97836835,30185773,1
6578,6579,-97840814,30179085,1
6584,6585,-97832969,30236922,1
6585,6586,-97833348,30236646,1
6586,6587,-97838738,30218705,1
6587,6588,-97837748,30217647,1
6588,6589,-97865144,30201237,1
6589,6590,-97865740,30201352,1
6590,6591,-97867286,30197458,1
6591,6592,-97867993,30197382,1
6604,6605,-97875492,30186109,1
6605,6606,-97871959,30190028,1
6606,6607,-97872553,30190314,1
6607,6608,-97949825,30113569,1
6608,6609,-97886466,30172810,1
6609,6610,-97885851,30171464,1
6610,6611,-97879227,30178159,1
6611,6612,-97880566,30179098,1
6612,6613,-97888239,30171652,1
6613,6614,-97887588,30170557,1
6614,6615,-97889235,30172798,1
6615,6616,-97727255,30071171,1
6616,6617,-97718386,30070519,1
6617,6618,-97743557,30074325,1
6629,6630,-97869116,30207815,1
6630,6631,-97893440,30217303,1
6631,6632,-97876247,30211877,1
6632,6633,-97872184,30210873,1
6633,6634,-97877408,30207247,1
6634,6635,-97875712,30214616,1
6635,6636,-97864505,30208481,1
6636,6637,-97777327,30181841,1
6683,6684,-97987451,30389098,1
6684,6685,-97623957,30169790,1
6685,6686,-97621686,30168706,1
6686,6687,-97617035,30176707,1
6690,6691,-97790697,30042234,1
6700,6701,-97926668,30327907,1
6705,6706,-97967036,30342613,1
6706,6707,-97974974,30344271,1
6709,6710,-97975909,30045735,1
6710,6711,-97942191,30105469,1
6711,6712,-97922736,30095040,1
6712,6713,-98006621,29892687,1
6713,6714,-97900794,29933982,1
6714,6715,-97902503,29851240,1
6746,6747,-97956946,30323795,1
6747,6748,-97949739,30317430,1
6750,6751,-97859344,30127813,1
6751,6752,-97860206,30126876,1
6752,6753,-97805207,30113058,1
6753,6754,-97807874,30113142,1
6754,6755,-97808647,30111172,1
6755,6756,-97805876,30111261,1
6756,6757,-97803690,30112008,1
6757,6758,-97803083,30112507,1
6758,6759,-97808640,30107258,1
6759,6760,-97809570,30107034,1
6760,6761,-97799548,30112205,1
6761,6762,-97799563,30112717,1
6762,6763,-97782154,30113679,1
6763,6764,-97782154,30112407,1
6764,6765,-97759866,30101144,1
6765,6766,-97733720,30090731,1
6766,6767,-97734376,30088953,1
6767,6768,-97731838,30089875,1
6768,6769,-97708192,30089960,1
6769,6770,-97689370,30083311,1
6770,6771,-97689126,30082959,1
6771,6772,-97699551,30078089,1
6772,6773,-97699499,30078558,1
6773,6774,-97702452,30078712,1
6774,6775,-97702350,30079150,1
6775,6776,-97700790,30077917,1
6776,6777,-97700441,30079072,1
6777,6778,-97691711,30077915,1
6778,6779,-97693621,30080353,1
6779,6780,-97692975,30085261,1
6780,6781,-97692969,30089377,1
6781,6782,-97972826,30207964,1
6782,6783,-97997330,30195638,1
6783,6784,-98013607,30197255,1
6784,6785,-98087341,30192119,1
6785,6786,-98087434,30190558,1
6786,6787,-97891270,29924237,1
6787,6788,-97891791,29923258,1
6788,6789,-97892489,29924708,1
6789,6790,-97892966,29923768,1
6790,6791,-97881930,29894229,1
6791,6792,-97882143,29892204,1
6792,6793,-97898890,29857428,1
6793,6794,-97906050,29836529,1
6794,6795,-97913185,29841851,1
6795,6796,-97941957,29828142,1
6796,6797,-97941762,29830315,1
6797,6798,-97945260,29827805,1
6798,6799,-97965667,29834296,1
6799,6800,-97960602,29829786,1
6800,6801,-97977166,29835802,1
6801,6802,-97976611,29835329,1
6802,6803,-97975961,29835900,1
6803,6804,-97976513,29836393,1
6804,6805,-97983427,29841924,1
6805,6806,-97984104,29841425,1
6806,6807,-97995181,29905089,1
6807,6808,-97993896,29904460,1
6808,6809,-97950285,29930375,1
6809,6810,-97949410,29929002,1
6810,6811,-97936415,29930084,1
6811,6812,-97935906,29931770,1
6812,6813,-97904346,29928867,1
6813,6814,-97905354,29927671,1
6946,6947,-97800894,30242180,1
6947,6948,-97803793,30248003,1
6948,6949,-97804326,30247329,1
6949,6950,-97806536,30251437,1
6950,6951,-97806792,30250611,1
6951,6952,-97803173,30246162,1
6952,6953,-97802971,30246425,1
6953,6954,-97802850,30245537,1
6954,6955,-97801181,30241990,1
6957,6958,-97640967,30129640,1
6958,6959,-97631492,30149977,1
6962,6963,-97981346,30367302,1
6965,6966,-98088111,30311282,1
6966,6967,-98145034,30338124,1
6967,6968,-98164399,30356862,1
6969,6970,-97995169,30356704,1
6970,6971,-97734601,30064123,1
6971,6972,-97734224,30058686,1
6972,6973,-97843244,30228739,1
6973,6974,-97840938,30225875,1
6974,6975,-97810043,30243861,1
6975,6976,-97817515,30240530,1
6976,6977,-97816440,30239165,1
6977,6978,-97809573,30242835,1
6996,6997,-97968834,30210701,1
6997,6998,-97730484,30095962,1
7001,7002,-97856013,30206592,1
7002,7003,-97780152,30183049,1
7003,7004,-97712189,30211863,1
7004,7005,-97611815,30185978,1
7008,7009,-97805430,30278146,1
7027,7028,-97974465,30207641,1
7028,7029,-97572831,30132056,1
7260,7261,-97879464,30230750,1
7263,7264,-97682491,30092301,1
7264,7265,-97683191,30092852,1
7265,7266,-97970426,30336108,1
7266,7267,-98006688,30319976,1
7267,7268,-97750839,30075351,1
7268,7269,-97732210,30072067,1
7269,7270,-97732850,30072700,1
7270,7271,-97782890,30098971,1
7271,7272,-97780599,30096113,1
7272,7273,-97780472,30094330,1
7273,7274,-97782749,30096885,1
7274,7275,-97781551,30093959,1
7275,7276,-97781687,30098863,1
7276,7277,-97750473,30076142,1
7277,7278,-97747273,30074718,1
7278,7279,-97747685,30073847,1
7279,7280,-97727455,30072859,1
7280,7281,-97727638,30073571,1
7281,7282,-97748536,30075896,1
7282,7283,-97749857,30073758,1
7283,7284,-97732522,30073656,1
7284,7285,-97804390,30117374,1
7285,7286,-97805627,30116134,1
7287,7288,-97888119,30229017,1
7288,7289,-97682660,30218030,1
7298,7299,-97801723,30201270,1
7299,7300,-97866025,30028153,1
7300,7301,-97768647,30245677,1
7301,7302,-97775669,30228134,1
7302,7303,-97793052,30213142,1
7303,7304,-97801208,30201092,1
7304,7305,-97819770,30173574,1
7306,7307,-97875170,29942808,1
7312,7313,-97709844,30036818,1
7313,7314,-97614224,30102734,1
7314,7315,-97687229,30013965,1
7315,7316,-97674346,30030184,1
7316,7317,-97740808,30063756,1
7317,7318,-97746291,30075631,1
7318,7319,-97766340,30105148,1
7319,7320,-97598501,30136381,1
7320,7321,-97586275,30151669,1
7321,7322,-97591679,30140966,1
7322,7323,-97629105,30172267,1
7331,7332,-98093687,30315166,1
7332,7333,-98104885,30406825,1
7333,7334,-98098789,30445402,1
7341,7342,-98009868,29864424,1
7342,7343,-98014392,29862152,1
7350,7351,-97913636,30257357,1
7352,7353,-98037949,30363207,1
7361,7362,-97695348,30051055,1
7363,7364,-97947505,29883408,1
7364,7365,-98010439,29804300,1
7365,7366,-98011374,29805240,1
7366,7367,-97963588,29863751,1
7367,7368,-97994487,29877384,1
7368,7369,-97877972,29940105,1
7369,7370,-97939874,29849957,1
7370,7371,-97975514,29819746,1
7371,7372,-97987707,29809060,1
7372,7373,-97874540,29897971,1
7373,7374,-97969506,30334174,1
7380,7381,-97798261,30235268,1
7381,7382,-97796916,30235161,1
7391,7392,-97937011,29884441,1
7392,7393,-97939961,29884167,1
7393,7394,-97941364,29883945,1
7394,7395,-97893832,29903800,1
7395,7396,-97957981,29870844,1
7414,7415,-97687911,30220013,1
7415,7416,-97670164,30217830,1
7416,7417,-97668482,30216947,1
7417,7418,-97668257,30217253,1
7418,7419,-97669018,30218239,1
7419,7420,-97838527,30236884,1
7420,7421,-97837737,30236539,1
7421,7422,-97832183,30236591,1
7440,7441,-97817679,30274944,1
7441,7442,-97817871,30274627,1
7442,7443,-97814602,30261191,1
7443,7444,-97814952,30261126,1
7457,7458,-97810927,30088791,1
7458,7459,-97888951,30247466,1
7459,7460,-97860309,30014988,1
7463,7464,-97827230,30072423,1
7465,7466,-97922855,30293874,1